fab_code,fab_label,question_id,question_order,question_text,question_type,answer_code,answer_label,answer_text_fragment
FAB-01,Sicurezza idrogeologica e difesa del suolo,DC-SZ-001-01,1,Quali tipologie di rischio idrogeologico gravano sul territorio interessato dall'intervento?,checkbox,frane,Rischio frane e dissesto di versante,rischio di frane e dissesto di versante
FAB-01,Sicurezza idrogeologica e difesa del suolo,DC-SZ-001-01,1,Quali tipologie di rischio idrogeologico gravano sul territorio interessato dall'intervento?,checkbox,alluvioni,Rischio alluvionale e allagamenti,rischio alluvionale con episodi di esondazione e allagamento
FAB-01,Sicurezza idrogeologica e difesa del suolo,DC-SZ-001-01,1,Quali tipologie di rischio idrogeologico gravano sul territorio interessato dall'intervento?,checkbox,erosione,"Erosione costiera, fluviale o di versante",fenomeni attivi di erosione che compromettono la stabilità del suolo
FAB-01,Sicurezza idrogeologica e difesa del suolo,DC-SZ-001-01,1,Quali tipologie di rischio idrogeologico gravano sul territorio interessato dall'intervento?,checkbox,subsidenza,Subsidenza o sprofondamento del suolo,fenomeni di subsidenza o sprofondamento che minacciano le aree abitate
FAB-01,Sicurezza idrogeologica e difesa del suolo,DC-SZ-001-02,2,Come è classificata l'area nella pianificazione di bacino e nella mappatura del rischio?,radio,r4,Rischio molto elevato (R4) — area rossa,"L'area è classificata a rischio molto elevato (R4) nella pianificazione di bacino, con vincoli stringenti sull'uso del suolo e obbligo di intervento prioritario"
FAB-01,Sicurezza idrogeologica e difesa del suolo,DC-SZ-001-02,2,Come è classificata l'area nella pianificazione di bacino e nella mappatura del rischio?,radio,r3,Rischio elevato (R3),"L'area è classificata a rischio elevato (R3), con la presenza di elementi esposti per i quali è possibile un danno significativo"
FAB-01,Sicurezza idrogeologica e difesa del suolo,DC-SZ-001-02,2,Come è classificata l'area nella pianificazione di bacino e nella mappatura del rischio?,radio,r2,Rischio medio (R2),"L'area è classificata a rischio medio (R2) nella pianificazione vigente, con possibilità di danni agli edifici e alle infrastrutture"
FAB-01,Sicurezza idrogeologica e difesa del suolo,DC-SZ-001-02,2,Come è classificata l'area nella pianificazione di bacino e nella mappatura del rischio?,radio,pericolosita_no_pai,Area a pericolosità nota ma non ancora recepita nel PAI,L'area presenta una pericolosità documentata da studi locali ma non ancora formalmente recepita nella pianificazione di bacino vigente
FAB-01,Sicurezza idrogeologica e difesa del suolo,DC-SZ-001-03,3,Il territorio ha subito eventi idrogeologici significativi in passato?,radio,eventi_recenti,Sì — eventi significativi negli ultimi 10 anni con danni documentati,"Il territorio ha subito eventi idrogeologici significativi negli ultimi dieci anni, con danni documentati a persone, edifici o infrastrutture e attivazione dello stato di emergenza"
FAB-01,Sicurezza idrogeologica e difesa del suolo,DC-SZ-001-03,3,Il territorio ha subito eventi idrogeologici significativi in passato?,radio,eventi_passati,"Sì — eventi in passato, ma non negli ultimi 10 anni","Il territorio ha una storia documentata di eventi idrogeologici, benché gli episodi più recenti risalgano a oltre dieci anni fa"
FAB-01,Sicurezza idrogeologica e difesa del suolo,DC-SZ-001-03,3,Il territorio ha subito eventi idrogeologici significativi in passato?,radio,nessun_evento,"No — nessun evento significativo, ma il rischio è mappato","Non si sono verificati eventi significativi in tempi recenti, tuttavia il rischio è formalmente mappato e le condizioni di pericolosità persistono"
FAB-01,Sicurezza idrogeologica e difesa del suolo,DC-SZ-001-04,4,Quali elementi sono esposti al rischio nell'area interessata?,checkbox,abitazioni,Abitazioni e nuclei familiari residenti,abitazioni e nuclei familiari residenti nell'area a rischio
FAB-01,Sicurezza idrogeologica e difesa del suolo,DC-SZ-001-04,4,Quali elementi sono esposti al rischio nell'area interessata?,checkbox,servizi_essenziali,"Edifici pubblici e servizi essenziali (scuole, presidi sanitari)",edifici pubblici che erogano servizi essenziali alla comunità
FAB-01,Sicurezza idrogeologica e difesa del suolo,DC-SZ-001-04,4,Quali elementi sono esposti al rischio nell'area interessata?,checkbox,infrastrutture,Infrastrutture viarie e reti di servizio,infrastrutture viarie e reti di servizio la cui interruzione isolerebbe parti del territorio
FAB-01,Sicurezza idrogeologica e difesa del suolo,DC-SZ-001-04,4,Quali elementi sono esposti al rischio nell'area interessata?,checkbox,attivita_produttive,Attività produttive e agricole,attività produttive e agricole con impatto sull'economia locale
FAB-01,Sicurezza idrogeologica e difesa del suolo,DC-SZ-001-04,4,Quali elementi sono esposti al rischio nell'area interessata?,checkbox,patrimonio,Patrimonio culturale e ambientale,beni del patrimonio culturale o ambientale di interesse pubblico
FAB-01,Sicurezza idrogeologica e difesa del suolo,DC-SZ-001-05,5,Esistono opere di difesa idrogeologica a protezione dell'area e qual è la loro condizione?,radio,assenti,Non esistono opere di difesa nell'area,Ad oggi non sono presenti opere di difesa idrogeologica a protezione dell'area interessata
FAB-01,Sicurezza idrogeologica e difesa del suolo,DC-SZ-001-05,5,Esistono opere di difesa idrogeologica a protezione dell'area e qual è la loro condizione?,radio,insufficienti,Esistono ma sono insufficienti o deteriorate,"Sono presenti opere di difesa realizzate in passato, ma risultano insufficienti rispetto al livello di rischio attuale o in condizioni di deterioramento che ne compromettono l'efficacia"
FAB-01,Sicurezza idrogeologica e difesa del suolo,DC-SZ-001-05,5,Esistono opere di difesa idrogeologica a protezione dell'area e qual è la loro condizione?,radio,parziali,Coprono solo una parte dell'area a rischio,"Le opere di difesa esistenti coprono solo una porzione dell'area a rischio, lasciando esposti altri settori del territorio"
FAB-01,Sicurezza idrogeologica e difesa del suolo,DC-SZ-001-05,5,Esistono opere di difesa idrogeologica a protezione dell'area e qual è la loro condizione?,radio,da_adeguare,"Presenti e funzionanti, ma da adeguare a nuovi scenari climatici","Le opere di difesa sono presenti e funzionanti, ma progettate per scenari di rischio meno severi di quelli attuali e necessitano di adeguamento"
FAB-02,Adeguamento sismico di edifici pubblici che erogano servizi,DC-SZ-002-01,1,Quale funzione svolge l'edificio pubblico che necessita di adeguamento sismico?,radio,scolastico,Edificio scolastico,"L'edificio interessato è una struttura scolastica che accoglie quotidianamente studenti e personale, classificata come edificio strategico ai fini della protezione civile"
FAB-02,Adeguamento sismico di edifici pubblici che erogano servizi,DC-SZ-002-01,1,Quale funzione svolge l'edificio pubblico che necessita di adeguamento sismico?,radio,sanitario,Struttura sanitaria o sociosanitaria,"L'edificio ospita una struttura sanitaria o sociosanitaria, il cui funzionamento è essenziale anche in situazione di emergenza sismica"
FAB-02,Adeguamento sismico di edifici pubblici che erogano servizi,DC-SZ-002-01,1,Quale funzione svolge l'edificio pubblico che necessita di adeguamento sismico?,radio,amministrativo,Sede municipale o uffici amministrativi,"L'edificio è la sede degli uffici comunali, con funzione di coordinamento nella gestione delle emergenze"
FAB-02,Adeguamento sismico di edifici pubblici che erogano servizi,DC-SZ-002-01,1,Quale funzione svolge l'edificio pubblico che necessita di adeguamento sismico?,radio,sportivo_culturale,Impianto sportivo o struttura culturale,"L'edificio è un impianto sportivo o una struttura culturale a uso collettivo, soggetto a elevata concentrazione di persone"
FAB-02,Adeguamento sismico di edifici pubblici che erogano servizi,DC-SZ-002-01,1,Quale funzione svolge l'edificio pubblico che necessita di adeguamento sismico?,radio,altro_strategico,Altro edificio pubblico a uso collettivo,L'edificio è una struttura pubblica a uso collettivo che eroga servizi alla comunità
FAB-02,Adeguamento sismico di edifici pubblici che erogano servizi,DC-SZ-002-02,2,In quale zona sismica ricade l'edificio?,radio,zona_1,Zona 1 — sismicità alta,"L'edificio ricade in zona sismica 1 (sismicità alta), dove la probabilità di forti terremoti è la più elevata sul territorio nazionale"
FAB-02,Adeguamento sismico di edifici pubblici che erogano servizi,DC-SZ-002-02,2,In quale zona sismica ricade l'edificio?,radio,zona_2,Zona 2 — sismicità media,"L'edificio ricade in zona sismica 2 (sismicità media), con possibilità di eventi sismici rilevanti"
FAB-02,Adeguamento sismico di edifici pubblici che erogano servizi,DC-SZ-002-02,2,In quale zona sismica ricade l'edificio?,radio,zona_3,Zona 3 — sismicità bassa,L'edificio ricade in zona sismica 3 (sismicità bassa ma non trascurabile)
FAB-02,Adeguamento sismico di edifici pubblici che erogano servizi,DC-SZ-002-02,2,In quale zona sismica ricade l'edificio?,radio,zona_4,Zona 4 — sismicità molto bassa,L'edificio ricade in zona sismica 4 (sismicità molto bassa)
FAB-02,Adeguamento sismico di edifici pubblici che erogano servizi,DC-SZ-002-03,3,È stata effettuata una verifica di vulnerabilità sismica sull'edificio?,radio,verifica_negativa,Sì — la verifica ha evidenziato inadeguatezza strutturale,"È stata effettuata una verifica di vulnerabilità sismica ai sensi delle NTC2018, i cui esiti hanno confermato l'inadeguatezza strutturale dell'edificio rispetto ai livelli di sicurezza previsti dalla normativa vigente"
FAB-02,Adeguamento sismico di edifici pubblici che erogano servizi,DC-SZ-002-03,3,È stata effettuata una verifica di vulnerabilità sismica sull'edificio?,radio,verifica_parziale,Solo un rilievo preliminare o un'indagine speditiva,"Sono state condotte indagini preliminari (rilievo speditivo, scheda GNDT) che hanno evidenziato potenziali criticità strutturali, ma non è stata ancora completata una verifica formale di vulnerabilità"
FAB-02,Adeguamento sismico di edifici pubblici che erogano servizi,DC-SZ-002-03,3,È stata effettuata una verifica di vulnerabilità sismica sull'edificio?,radio,nessuna_verifica,No — non è stata ancora effettuata alcuna verifica,"Non è stata ancora effettuata alcuna verifica di vulnerabilità sismica. L'edificio, per epoca costruttiva e tipologia strutturale, è stato realizzato in assenza delle attuali norme antisismiche"
FAB-02,Adeguamento sismico di edifici pubblici che erogano servizi,DC-SZ-002-04,4,Quali caratteristiche costruttive dell'edificio contribuiscono alla vulnerabilità?,checkbox,muratura_non_armata,Struttura in muratura non armata,"struttura portante in muratura non armata, tipologia intrinsecamente vulnerabile al sisma"
FAB-02,Adeguamento sismico di edifici pubblici che erogano servizi,DC-SZ-002-04,4,Quali caratteristiche costruttive dell'edificio contribuiscono alla vulnerabilità?,checkbox,ca_ante_normativa,Struttura in cemento armato ante normativa sismica,struttura in cemento armato progettata prima dell'entrata in vigore delle norme sismiche applicabili al sito
FAB-02,Adeguamento sismico di edifici pubblici che erogano servizi,DC-SZ-002-04,4,Quali caratteristiche costruttive dell'edificio contribuiscono alla vulnerabilità?,checkbox,sopraelevazioni,Sopraelevazioni o ampliamenti non organici,sopraelevazioni o ampliamenti realizzati in tempi successivi senza verifica di compatibilità strutturale
FAB-02,Adeguamento sismico di edifici pubblici che erogano servizi,DC-SZ-002-04,4,Quali caratteristiche costruttive dell'edificio contribuiscono alla vulnerabilità?,checkbox,fondazioni,Fondazioni inadeguate o su terreno problematico,fondazioni inadeguate o realizzate su terreni con caratteristiche geotecniche sfavorevoli all'azione sismica
FAB-02,Adeguamento sismico di edifici pubblici che erogano servizi,DC-SZ-002-05,5,L'edificio è attualmente in esercizio e con quale livello di rischio percepito?,radio,esercizio_normale,In esercizio normale — il rischio è documentato ma non percepito come imminente,"L'edificio è attualmente in pieno esercizio. Il rischio sismico, pur documentato, non è percepito come imminente dalla comunità, il che rende tanto più necessaria un'azione preventiva"
FAB-02,Adeguamento sismico di edifici pubblici che erogano servizi,DC-SZ-002-05,5,L'edificio è attualmente in esercizio e con quale livello di rischio percepito?,radio,esercizio_limitato,In esercizio con limitazioni d'uso su alcune aree,"L'edificio è in esercizio con limitazioni d'uso su porzioni della struttura ritenute più vulnerabili, con impatto sulla funzionalità complessiva del servizio erogato"
FAB-02,Adeguamento sismico di edifici pubblici che erogano servizi,DC-SZ-002-05,5,L'edificio è attualmente in esercizio e con quale livello di rischio percepito?,radio,ordinanza,Soggetto a ordinanza sindacale o prescrizioni degli organi di controllo,"L'edificio è stato oggetto di ordinanze o prescrizioni da parte delle autorità competenti, che impongono interventi di adeguamento entro termini definiti"
FAB-03,Ricostruzione post-calamità e resilienza del territorio,DC-SZ-003-01,1,Quale tipo di evento calamitoso ha colpito il territorio?,checkbox,sisma,Evento sismico,un evento sismico che ha provocato danni strutturali agli edifici e alle infrastrutture
FAB-03,Ricostruzione post-calamità e resilienza del territorio,DC-SZ-003-01,1,Quale tipo di evento calamitoso ha colpito il territorio?,checkbox,alluvione,Alluvione o esondazione,un evento alluvionale con esondazione dei corsi d'acqua e allagamento del territorio
FAB-03,Ricostruzione post-calamità e resilienza del territorio,DC-SZ-003-01,1,Quale tipo di evento calamitoso ha colpito il territorio?,checkbox,frana,Frana o smottamento,un evento franoso con movimenti di massa che hanno coinvolto aree abitate o infrastrutture
FAB-03,Ricostruzione post-calamità e resilienza del territorio,DC-SZ-003-01,1,Quale tipo di evento calamitoso ha colpito il territorio?,checkbox,altro_evento,"Altro evento (incendio, tromba d'aria, eruzione)",un evento calamitoso di natura eccezionale che ha causato danni rilevanti al patrimonio pubblico e privato
FAB-03,Ricostruzione post-calamità e resilienza del territorio,DC-SZ-003-02,2,È stato dichiarato lo stato di emergenza o di calamità naturale?,radio,emergenza_nazionale,Sì — stato di emergenza nazionale,"È stato dichiarato lo stato di emergenza a livello nazionale, con nomina di un Commissario e stanziamento di fondi per la ricostruzione"
FAB-03,Ricostruzione post-calamità e resilienza del territorio,DC-SZ-003-02,2,È stato dichiarato lo stato di emergenza o di calamità naturale?,radio,emergenza_regionale,Sì — stato di emergenza regionale,"È stato dichiarato lo stato di emergenza a livello regionale, con attivazione delle procedure di ricognizione danni e primo intervento"
FAB-03,Ricostruzione post-calamità e resilienza del territorio,DC-SZ-003-02,2,È stato dichiarato lo stato di emergenza o di calamità naturale?,radio,nessuna_emergenza,No — danni significativi ma senza dichiarazione formale,"Nonostante i danni significativi subiti, non è stato dichiarato uno stato di emergenza formale, e il territorio deve far fronte alla ricostruzione con risorse ordinarie"
FAB-03,Ricostruzione post-calamità e resilienza del territorio,DC-SZ-003-03,3,Qual è lo stato attuale della ricostruzione?,radio,non_avviata,Non ancora avviata — le strutture danneggiate sono inutilizzate,"La ricostruzione non è ancora stata avviata. Le strutture danneggiate restano inutilizzate, con la comunità che si affida a soluzioni provvisorie"
FAB-03,Ricostruzione post-calamità e resilienza del territorio,DC-SZ-003-03,3,Qual è lo stato attuale della ricostruzione?,radio,parziale,In corso ma parziale — restano strutture da ripristinare,"La ricostruzione è stata avviata su alcune strutture prioritarie, ma restano edifici e infrastrutture danneggiati in attesa di intervento"
FAB-03,Ricostruzione post-calamità e resilienza del territorio,DC-SZ-003-03,3,Qual è lo stato attuale della ricostruzione?,radio,completamento,In fase di completamento — l'intervento chiude le criticità residue,La ricostruzione è in fase avanzata; l'intervento proposto è volto a chiudere le criticità residue e a completare il ripristino del patrimonio pubblico
FAB-03,Ricostruzione post-calamità e resilienza del territorio,DC-SZ-003-04,4,Quali funzioni o servizi sono stati compromessi dall'evento?,checkbox,residenziale,Funzione residenziale — famiglie sfollate o in alloggi provvisori,"la funzione residenziale, con famiglie sfollate o trasferite in alloggi provvisori"
FAB-03,Ricostruzione post-calamità e resilienza del territorio,DC-SZ-003-04,4,Quali funzioni o servizi sono stati compromessi dall'evento?,checkbox,servizi_pubblici,"Servizi pubblici essenziali (scuole, uffici, presidi sanitari)","l'erogazione di servizi pubblici essenziali, con strutture inagibili o operanti in sedi provvisorie"
FAB-03,Ricostruzione post-calamità e resilienza del territorio,DC-SZ-003-04,4,Quali funzioni o servizi sono stati compromessi dall'evento?,checkbox,viabilita,Viabilità e collegamento del territorio,"la viabilità e i collegamenti, con tratti stradali interrotti o con limitazioni di carico"
FAB-03,Ricostruzione post-calamità e resilienza del territorio,DC-SZ-003-04,4,Quali funzioni o servizi sono stati compromessi dall'evento?,checkbox,attivita_economiche,Attività economiche e produttive,"le attività economiche e produttive locali, con imprese costrette a sospendere o delocalizzare"
FAB-03,Ricostruzione post-calamità e resilienza del territorio,DC-SZ-003-04,4,Quali funzioni o servizi sono stati compromessi dall'evento?,checkbox,patrimonio_culturale,Patrimonio culturale danneggiato,"il patrimonio culturale del territorio, con beni danneggiati in attesa di restauro"
FAB-04,Bonifica e decontaminazione di siti inquinati,DC-SZ-004-01,1,Qual è l'origine della contaminazione del sito?,radio,industriale,Attività industriale dismessa o in esercizio,"La contaminazione del sito ha origine da attività industriali, con rilascio di sostanze inquinanti nel suolo e nelle acque sotterranee"
FAB-04,Bonifica e decontaminazione di siti inquinati,DC-SZ-004-01,1,Qual è l'origine della contaminazione del sito?,radio,discarica,Discarica abusiva o esaurita,"Il sito ospita una discarica abusiva o esaurita, con accumulo di rifiuti che hanno contaminato i terreni sottostanti"
FAB-04,Bonifica e decontaminazione di siti inquinati,DC-SZ-004-01,1,Qual è l'origine della contaminazione del sito?,radio,militare,Area ex-militare o deposito di materiali pericolosi,La contaminazione deriva dall'uso militare pregresso dell'area o dallo stoccaggio di materiali pericolosi
FAB-04,Bonifica e decontaminazione di siti inquinati,DC-SZ-004-01,1,Qual è l'origine della contaminazione del sito?,radio,sversamento,Sversamento accidentale o attività estrattiva,La contaminazione è conseguenza di sversamenti accidentali di sostanze pericolose o di attività estrattive che hanno alterato i suoli
FAB-04,Bonifica e decontaminazione di siti inquinati,DC-SZ-004-02,2,Il sito è stato oggetto di procedimenti di caratterizzazione ambientale?,radio,caratterizzato_sin,Sì — è inserito tra i Siti di Interesse Nazionale (SIN),"Il sito è classificato come Sito di Interesse Nazionale (SIN), con procedimento di bonifica in capo al Ministero dell'Ambiente e piano di caratterizzazione approvato"
FAB-04,Bonifica e decontaminazione di siti inquinati,DC-SZ-004-02,2,Il sito è stato oggetto di procedimenti di caratterizzazione ambientale?,radio,caratterizzato_sir,Sì — è un sito di interesse regionale con piano approvato,"Il sito è inserito nell'anagrafe regionale dei siti contaminati, con piano di caratterizzazione approvato che ha confermato il superamento delle concentrazioni soglia"
FAB-04,Bonifica e decontaminazione di siti inquinati,DC-SZ-004-02,2,Il sito è stato oggetto di procedimenti di caratterizzazione ambientale?,radio,indagini_preliminari,Solo indagini preliminari — la caratterizzazione è incompleta,"Sono state condotte indagini ambientali preliminari che hanno evidenziato potenziale contaminazione, ma la caratterizzazione formale non è stata ancora completata"
FAB-04,Bonifica e decontaminazione di siti inquinati,DC-SZ-004-02,2,Il sito è stato oggetto di procedimenti di caratterizzazione ambientale?,radio,nessuna_indagine,No — contaminazione sospetta ma non ancora indagata,"La contaminazione è sospettata sulla base di evidenze visive e storiche, ma non sono state ancora avviate indagini ambientali formali"
FAB-04,Bonifica e decontaminazione di siti inquinati,DC-SZ-004-03,3,Quali matrici ambientali sono interessate dalla contaminazione?,checkbox,suolo,Suolo superficiale e sottosuolo,contaminazione del suolo superficiale e del sottosuolo
FAB-04,Bonifica e decontaminazione di siti inquinati,DC-SZ-004-03,3,Quali matrici ambientali sono interessate dalla contaminazione?,checkbox,acque_sotterranee,Acque sotterranee (falda),contaminazione delle acque sotterranee con rischio di propagazione nella falda
FAB-04,Bonifica e decontaminazione di siti inquinati,DC-SZ-004-03,3,Quali matrici ambientali sono interessate dalla contaminazione?,checkbox,acque_superficiali,"Acque superficiali (corsi d'acqua, laghi)",contaminazione dei corpi idrici superficiali adiacenti
FAB-04,Bonifica e decontaminazione di siti inquinati,DC-SZ-004-03,3,Quali matrici ambientali sono interessate dalla contaminazione?,checkbox,amianto_rifiuti,Presenza di rifiuti pericolosi o amianto,presenza di rifiuti pericolosi o materiali contenenti amianto nell'area
FAB-04,Bonifica e decontaminazione di siti inquinati,DC-SZ-004-04,4,Il sito contaminato produce effetti sulla salute pubblica o sull'ambiente circostante?,radio,rischio_sanitario,Sì — è documentato un rischio sanitario per la popolazione esposta,"Il sito contaminato produce un rischio sanitario documentato per la popolazione residente nelle aree circostanti, con esposizione potenziale attraverso inalazione, contatto o catena alimentare"
FAB-04,Bonifica e decontaminazione di siti inquinati,DC-SZ-004-04,4,Il sito contaminato produce effetti sulla salute pubblica o sull'ambiente circostante?,radio,impatto_ambientale,Sì — compromette ecosistemi e risorse idriche locali,"La contaminazione sta compromettendo gli ecosistemi circostanti e le risorse idriche locali, con impatti sulla biodiversità e sull'utilizzo produttivo dei terreni"
FAB-04,Bonifica e decontaminazione di siti inquinati,DC-SZ-004-04,4,Il sito contaminato produce effetti sulla salute pubblica o sull'ambiente circostante?,radio,impatto_limitato,Impatto contenuto — il sito è recintato e isolato,"Il sito è attualmente recintato e isolato, con impatto contenuto sull'ambiente circostante, ma la situazione di contaminazione persiste e richiede intervento definitivo"
FAB-05,"Qualità ecologica, fruizione e monitoraggio dei corpi idrici",DC-SZ-005-01,1,Quale corpo idrico è interessato e quale problema presenta?,radio,fiume_inquinato,Fiume o torrente con qualità ecologica degradata,"Il corpo idrico interessato è un corso d'acqua che presenta uno stato ecologico degradato, con indicatori biologici e chimici al di sotto degli obiettivi di qualità della Direttiva Acque"
FAB-05,"Qualità ecologica, fruizione e monitoraggio dei corpi idrici",DC-SZ-005-01,1,Quale corpo idrico è interessato e quale problema presenta?,radio,lago_eutrofizzato,Lago o bacino con fenomeni di eutrofizzazione,"Il corpo idrico è un bacino lacustre o una zona umida interessata da fenomeni di eutrofizzazione, con proliferazione algale e perdita di biodiversità acquatica"
FAB-05,"Qualità ecologica, fruizione e monitoraggio dei corpi idrici",DC-SZ-005-01,1,Quale corpo idrico è interessato e quale problema presenta?,radio,corpo_non_monitorato,Corpo idrico non adeguatamente monitorato,"Il corpo idrico non è dotato di un sistema di monitoraggio adeguato, impedendo la valutazione del suo stato ecologico e l'adozione di misure tempestive di tutela"
FAB-05,"Qualità ecologica, fruizione e monitoraggio dei corpi idrici",DC-SZ-005-01,1,Quale corpo idrico è interessato e quale problema presenta?,radio,fruizione_compromessa,Corpo idrico con fruizione pubblica compromessa,"Il corpo idrico presenta condizioni che ne compromettono la fruizione pubblica (balneazione, pesca, navigazione), con limitazioni d'uso o divieti in essere"
FAB-05,"Qualità ecologica, fruizione e monitoraggio dei corpi idrici",DC-SZ-005-02,2,Quali sono le principali fonti di pressione sul corpo idrico?,checkbox,scarichi_civili,Scarichi civili non depurati o insufficientemente trattati,scarichi civili non adeguatamente depurati che recapitano nel corpo idrico
FAB-05,"Qualità ecologica, fruizione e monitoraggio dei corpi idrici",DC-SZ-005-02,2,Quali sono le principali fonti di pressione sul corpo idrico?,checkbox,attivita_agricole,"Dilavamento da attività agricole (nitrati, fitofarmaci)","runoff agricolo con apporto di nutrienti, nitrati e fitofarmaci dalle aree coltivate a monte"
FAB-05,"Qualità ecologica, fruizione e monitoraggio dei corpi idrici",DC-SZ-005-02,2,Quali sono le principali fonti di pressione sul corpo idrico?,checkbox,scarichi_industriali,Scarichi industriali o da attività produttive,scarichi di origine industriale o produttiva che immettono sostanze inquinanti nel corpo idrico
FAB-05,"Qualità ecologica, fruizione e monitoraggio dei corpi idrici",DC-SZ-005-02,2,Quali sono le principali fonti di pressione sul corpo idrico?,checkbox,alterazione_morfologica,"Alterazioni morfologiche (canalizzazioni, dighe, prelievi)","alterazioni morfologiche e idrologiche (canalizzazioni, barriere, prelievi idrici eccessivi) che compromettono la naturalità del corso d'acqua"
FAB-05,"Qualità ecologica, fruizione e monitoraggio dei corpi idrici",DC-SZ-005-03,3,Esiste un piano di gestione del distretto idrografico che prevede interventi?,radio,previsto_pgd,Sì — l'intervento è previsto nel Piano di Gestione del Distretto,L'intervento è coerente con le misure previste dal Piano di Gestione del Distretto Idrografico per il raggiungimento degli obiettivi di qualità al 2027
FAB-05,"Qualità ecologica, fruizione e monitoraggio dei corpi idrici",DC-SZ-005-03,3,Esiste un piano di gestione del distretto idrografico che prevede interventi?,radio,obiettivi_non_raggiunti,Il corpo idrico ha una deroga per mancato raggiungimento degli obiettivi,"Il corpo idrico è attualmente in deroga per il mancato raggiungimento degli obiettivi di qualità, con necessità di interventi supplementari per il prossimo ciclo di pianificazione"
FAB-05,"Qualità ecologica, fruizione e monitoraggio dei corpi idrici",DC-SZ-005-03,3,Esiste un piano di gestione del distretto idrografico che prevede interventi?,radio,nessun_piano,Non ci sono indicazioni specifiche nel piano vigente,"Il piano di gestione vigente non prevede interventi specifici per questo corpo idrico, nonostante le criticità rilevate localmente"
FAB-06,Approvvigionamento e distribuzione idrica potabile,DC-SZ-006-01,1,Qual è il problema principale del servizio idrico nel territorio?,radio,perdite_rete,Perdite di rete elevate per vetustà delle condotte,"La rete di distribuzione idrica presenta perdite elevate dovute alla vetustà delle condotte, con una quota significativa dell'acqua immessa che non raggiunge le utenze"
FAB-06,Approvvigionamento e distribuzione idrica potabile,DC-SZ-006-01,1,Qual è il problema principale del servizio idrico nel territorio?,radio,carenza_fonte,Carenza della fonte di approvvigionamento (scarsità idrica),"Il territorio soffre di scarsità della risorsa idrica alla fonte, con ricorrenti crisi di approvvigionamento nei periodi di magra o di elevata domanda"
FAB-06,Approvvigionamento e distribuzione idrica potabile,DC-SZ-006-01,1,Qual è il problema principale del servizio idrico nel territorio?,radio,qualita_acqua,Problemi di qualità dell'acqua distribuita,"L'acqua distribuita presenta problematiche di qualità (parametri chimico-fisici, microbiologici o organolettici) che richiedono interventi sulla rete o sugli impianti di trattamento"
FAB-06,Approvvigionamento e distribuzione idrica potabile,DC-SZ-006-01,1,Qual è il problema principale del servizio idrico nel territorio?,radio,copertura_insufficiente,Zone del territorio non raggiunte dalla rete,"Alcune porzioni del territorio non sono servite dalla rete idrica pubblica, con utenze che dipendono da approvvigionamenti autonomi non sempre sicuri"
FAB-06,Approvvigionamento e distribuzione idrica potabile,DC-SZ-006-02,2,Si verificano interruzioni o limitazioni del servizio idrico?,radio,interruzioni_frequenti,Sì — interruzioni o turnazioni ricorrenti,"Il servizio subisce interruzioni o turnazioni ricorrenti, con disagi significativi per la popolazione e necessità di approvvigionamento alternativo"
FAB-06,Approvvigionamento e distribuzione idrica potabile,DC-SZ-006-02,2,Si verificano interruzioni o limitazioni del servizio idrico?,radio,interruzioni_stagionali,Sì — criticità stagionali nei mesi estivi,"Il servizio presenta criticità stagionali, con cali di pressione e razionamenti nei mesi estivi che penalizzano in particolare le aree a maggiore altitudine o le utenze periferiche"
FAB-06,Approvvigionamento e distribuzione idrica potabile,DC-SZ-006-02,2,Si verificano interruzioni o limitazioni del servizio idrico?,radio,servizio_regolare,No — il servizio è regolare ma la rete è a rischio,"Il servizio è attualmente erogato con regolarità, ma le condizioni di vetustà della rete espongono il sistema a guasti improvvisi e rendono il livello di servizio fragile"
FAB-06,Approvvigionamento e distribuzione idrica potabile,DC-SZ-006-03,3,Qual è lo stato della rete e degli impianti idrici?,checkbox,condotte_vetuste,"Condotte principali vetuste (amianto-cemento, ghisa vecchia)","condotte principali vetuste, realizzate in materiali ormai superati (amianto-cemento, ghisa grigia) con rischio di rotture frequenti"
FAB-06,Approvvigionamento e distribuzione idrica potabile,DC-SZ-006-03,3,Qual è lo stato della rete e degli impianti idrici?,checkbox,serbatoi_inadeguati,Serbatoi o impianti di accumulo insufficienti,serbatoi e impianti di accumulo insufficienti a garantire le riserve necessarie nelle ore di punta o in caso di interruzione dell'alimentazione
FAB-06,Approvvigionamento e distribuzione idrica potabile,DC-SZ-006-03,3,Qual è lo stato della rete e degli impianti idrici?,checkbox,potabilizzazione,Impianto di potabilizzazione assente o inadeguato,impianto di potabilizzazione assente o sottodimensionato rispetto ai parametri di qualità richiesti
FAB-06,Approvvigionamento e distribuzione idrica potabile,DC-SZ-006-03,3,Qual è lo stato della rete e degli impianti idrici?,checkbox,mancanza_telecontrollo,Assenza di sistemi di monitoraggio e telecontrollo,"assenza di sistemi di monitoraggio e telecontrollo della rete, che impedisce l'individuazione tempestiva di perdite e anomalie"
FAB-06,Approvvigionamento e distribuzione idrica potabile,DC-SZ-006-04,4,L'intervento è previsto o richiesto dal piano d'ambito o dal gestore del servizio idrico?,radio,previsto_piano,Sì — è previsto nel piano d'ambito o nel piano degli investimenti del gestore,L'intervento è coerente con il piano d'ambito dell'EGATO o con il piano degli investimenti del gestore del servizio idrico integrato
FAB-06,Approvvigionamento e distribuzione idrica potabile,DC-SZ-006-04,4,L'intervento è previsto o richiesto dal piano d'ambito o dal gestore del servizio idrico?,radio,segnalato_gestore,Il gestore ha segnalato la criticità ma l'intervento non è ancora finanziato,"Il gestore del servizio idrico ha formalmente segnalato la criticità, ma l'intervento non è ancora inserito tra gli investimenti finanziati"
FAB-06,Approvvigionamento e distribuzione idrica potabile,DC-SZ-006-04,4,L'intervento è previsto o richiesto dal piano d'ambito o dal gestore del servizio idrico?,radio,iniziativa_comune,L'intervento è su iniziativa del comune per reti di sua competenza,"L'intervento riguarda segmenti di rete o impianti di competenza diretta del comune, non ricompresi nella gestione del servizio idrico integrato"
FAB-07,Depurazione acque reflue e ciclo fognario,DC-SZ-007-01,1,Qual è il problema principale del sistema fognario e depurativo?,radio,depuratore_assente,Depuratore assente — scarichi non trattati recapitano nel corpo idrico,"Il territorio è privo di un impianto di depurazione adeguato, con scarichi civili che recapitano nel corpo idrico ricettore senza trattamento o con trattamento insufficiente"
FAB-07,Depurazione acque reflue e ciclo fognario,DC-SZ-007-01,1,Qual è il problema principale del sistema fognario e depurativo?,radio,depuratore_inadeguato,Depuratore presente ma sottodimensionato o obsoleto,"L'impianto di depurazione esistente è sottodimensionato rispetto al carico attuale o tecnologicamente obsoleto, con parametri in uscita che non rispettano i limiti normativi"
FAB-07,Depurazione acque reflue e ciclo fognario,DC-SZ-007-01,1,Qual è il problema principale del sistema fognario e depurativo?,radio,rete_fognaria_assente,Rete fognaria assente o incompleta in parte del territorio,"La rete fognaria è assente o incompleta in porzioni significative del territorio urbanizzato, con scarichi che confluiscono in fosse settiche o disperdenti non a norma"
FAB-07,Depurazione acque reflue e ciclo fognario,DC-SZ-007-01,1,Qual è il problema principale del sistema fognario e depurativo?,radio,rete_mista_critica,Rete fognaria mista con scolmatori insufficienti,"La rete fognaria è di tipo misto (acque nere e meteoriche) con scolmatori di piena insufficienti, che in caso di precipitazioni intense causano sversamenti di reflui non trattati nell'ambiente"
FAB-07,Depurazione acque reflue e ciclo fognario,DC-SZ-007-02,2,Esistono procedimenti di infrazione o diffide in materia di depurazione?,radio,infrazione_ue,Sì — l'agglomerato è incluso in una procedura di infrazione UE,"L'agglomerato è incluso nella procedura di infrazione europea per il mancato rispetto della Direttiva 91/271/CEE sul trattamento delle acque reflue urbane, con obbligo di adeguamento in tempi definiti"
FAB-07,Depurazione acque reflue e ciclo fognario,DC-SZ-007-02,2,Esistono procedimenti di infrazione o diffide in materia di depurazione?,radio,diffida_regionale,Sì — diffida dell'autorità regionale o dell'EGATO,Il comune o il gestore del servizio è stato diffidato dall'autorità regionale o dall'ente di governo dell'ambito per inadempienza sul trattamento dei reflui
FAB-07,Depurazione acque reflue e ciclo fognario,DC-SZ-007-02,2,Esistono procedimenti di infrazione o diffide in materia di depurazione?,radio,nessun_procedimento,No — ma i limiti allo scarico non sono sempre rispettati,"Non sono in corso procedimenti formali, tuttavia i monitoraggi evidenziano superamenti periodici dei limiti allo scarico che espongono l'ente a rischio di sanzioni"
FAB-07,Depurazione acque reflue e ciclo fognario,DC-SZ-007-03,3,Quali effetti produce il deficit depurativo sull'ambiente e sulla comunità?,checkbox,inquinamento_idrico,Inquinamento dei corpi idrici ricettori,"inquinamento documentato dei corpi idrici ricettori, con impatto sugli ecosistemi acquatici e sulla qualità dell'acqua"
FAB-07,Depurazione acque reflue e ciclo fognario,DC-SZ-007-03,3,Quali effetti produce il deficit depurativo sull'ambiente e sulla comunità?,checkbox,divieti_balneazione,Divieti di balneazione o limitazioni della fruizione costiera,divieti di balneazione o limitazioni della fruizione costiera e fluviale dovuti alla presenza di scarichi non trattati
FAB-07,Depurazione acque reflue e ciclo fognario,DC-SZ-007-03,3,Quali effetti produce il deficit depurativo sull'ambiente e sulla comunità?,checkbox,rischio_sanitario,Rischio igienico-sanitario per la popolazione,un rischio igienico-sanitario per la popolazione residente nelle vicinanze degli scarichi non trattati
FAB-07,Depurazione acque reflue e ciclo fognario,DC-SZ-007-03,3,Quali effetti produce il deficit depurativo sull'ambiente e sulla comunità?,checkbox,odori_disagi,Odori molesti e disagi per i residenti,emissioni odorigene moleste e disagi per i residenti nelle vicinanze dell'impianto o dei punti di scarico
FAB-08,Reti idriche per usi produttivi industriali,DC-SZ-008-01,1,Qual è la situazione attuale dell'approvvigionamento idrico nelle aree produttive?,radio,assente,Rete industriale assente — le imprese usano pozzi o rete potabile,"Le aree produttive non sono dotate di una rete idrica dedicata; le imprese ricorrono a pozzi propri o all'acquedotto potabile, con costi elevati e pressione sulla risorsa"
FAB-08,Reti idriche per usi produttivi industriali,DC-SZ-008-01,1,Qual è la situazione attuale dell'approvvigionamento idrico nelle aree produttive?,radio,insufficiente,Rete presente ma insufficiente per i volumi o la qualità richiesti,"Esiste una rete idrica industriale, ma la sua capacità è insufficiente rispetto ai volumi o alla qualità richiesti dalle attività insediate"
FAB-08,Reti idriche per usi produttivi industriali,DC-SZ-008-01,1,Qual è la situazione attuale dell'approvvigionamento idrico nelle aree produttive?,radio,vetusta,Rete esistente ma vetusta e con perdite significative,"La rete idrica industriale è vetusta e presenta perdite significative, con frequenti interruzioni di fornitura che penalizzano la continuità produttiva"
FAB-08,Reti idriche per usi produttivi industriali,DC-SZ-008-02,2,L'inadeguatezza della rete idrica sta frenando lo sviluppo produttivo dell'area?,radio,imprese_rinunciano,Sì — imprese rinunciano a insediarsi o delocalizzano,La carenza di acqua industriale ha già determinato la rinuncia di imprese a insediarsi nell'area o la delocalizzazione di attività esistenti
FAB-08,Reti idriche per usi produttivi industriali,DC-SZ-008-02,2,L'inadeguatezza della rete idrica sta frenando lo sviluppo produttivo dell'area?,radio,limita_espansione,Limita l'espansione delle attività esistenti,"La carenza idrica limita l'espansione delle attività produttive già insediate, frenando investimenti e nuove assunzioni"
FAB-08,Reti idriche per usi produttivi industriali,DC-SZ-008-02,2,L'inadeguatezza della rete idrica sta frenando lo sviluppo produttivo dell'area?,radio,non_ancora,Non ancora — ma lo sviluppo previsto lo richiederà,"Al momento la situazione è gestibile, ma gli sviluppi previsti dall'ente per l'area produttiva richiedono un adeguamento della capacità idrica"
FAB-08,Reti idriche per usi produttivi industriali,DC-SZ-008-03,3,L'area produttiva ha un sistema di trattamento delle acque reflue industriali?,radio,assente,No — i reflui industriali recapitano nella fognatura civile o nell'ambiente,"L'area è priva di un sistema dedicato di trattamento dei reflui industriali, che confluiscono nella rete fognaria civile o sono scaricati in ambiente con rischio di contaminazione"
FAB-08,Reti idriche per usi produttivi industriali,DC-SZ-008-03,3,L'area produttiva ha un sistema di trattamento delle acque reflue industriali?,radio,inadeguato,Sì — ma inadeguato rispetto ai carichi attuali,"Esiste un sistema di trattamento dei reflui industriali ma non è dimensionato per i carichi attuali, con frequenti superamenti dei limiti allo scarico"
FAB-08,Reti idriche per usi produttivi industriali,DC-SZ-008-03,3,L'area produttiva ha un sistema di trattamento delle acque reflue industriali?,radio,adeguato,Sì — il sistema depurativo è adeguato,Il sistema di trattamento dei reflui industriali è funzionante e adeguato; l'intervento riguarda esclusivamente l'approvvigionamento e la distribuzione
FAB-09,Reti e infrastrutture idriche per usi agricoli,DC-SZ-009-01,1,Qual è la situazione dell'irrigazione nel comprensorio interessato?,radio,non_irriguo,Il comprensorio non è servito da rete irrigua collettiva,"Il comprensorio agricolo non è servito da una rete irrigua collettiva; le aziende dipendono da pozzi individuali, con prelievi non regolati e rischio di sovrasfruttamento della falda"
FAB-09,Reti e infrastrutture idriche per usi agricoli,DC-SZ-009-01,1,Qual è la situazione dell'irrigazione nel comprensorio interessato?,radio,rete_obsoleta,"La rete irrigua esiste ma è obsoleta (canali a cielo aperto, perdite)","La rete irrigua collettiva è obsoleta, prevalentemente a cielo aperto, con dispersioni elevate che riducono l'efficienza e la disponibilità per le aziende a valle"
FAB-09,Reti e infrastrutture idriche per usi agricoli,DC-SZ-009-01,1,Qual è la situazione dell'irrigazione nel comprensorio interessato?,radio,copertura_parziale,La rete copre solo una parte della superficie agricola utilizzata,"La rete irrigua collettiva copre soltanto una porzione della superficie agricola utilizzata, lasciando aziende significative prive di accesso all'acqua irrigua"
FAB-09,Reti e infrastrutture idriche per usi agricoli,DC-SZ-009-02,2,La scarsità idrica agricola sta producendo effetti sulla produzione locale?,radio,perdite_produttive,Sì — perdite produttive ricorrenti nelle annate siccitose,"La scarsità idrica produce perdite produttive ricorrenti nelle annate siccitose, con danni economici significativi alle aziende del comprensorio"
FAB-09,Reti e infrastrutture idriche per usi agricoli,DC-SZ-009-02,2,La scarsità idrica agricola sta producendo effetti sulla produzione locale?,radio,conversione_colturale,Sì — le aziende stanno abbandonando colture irrigue ad alto valore,"Le aziende stanno abbandonando colture irrigue ad alto valore aggiunto a favore di colture estensive meno redditizie, con perdita di competitività della filiera locale"
FAB-09,Reti e infrastrutture idriche per usi agricoli,DC-SZ-009-02,2,La scarsità idrica agricola sta producendo effetti sulla produzione locale?,radio,rischio_futuro,Non ancora — ma i cambiamenti climatici aggravano il rischio,"Gli effetti non sono ancora critici, ma le proiezioni climatiche indicano un aumento della frequenza e dell'intensità dei periodi siccitosi che renderà la situazione insostenibile"
FAB-09,Reti e infrastrutture idriche per usi agricoli,DC-SZ-009-03,3,L'intervento è inserito nella programmazione del consorzio di bonifica o dell'ente irriguo?,radio,previsto,Sì — è nel piano degli investimenti del consorzio,L'intervento è coerente con il piano degli investimenti del consorzio di bonifica o dell'ente irriguo competente per il comprensorio
FAB-09,Reti e infrastrutture idriche per usi agricoli,DC-SZ-009-03,3,L'intervento è inserito nella programmazione del consorzio di bonifica o dell'ente irriguo?,radio,richiesto,Il consorzio ha segnalato la necessità ma non ha risorse,"Il consorzio di bonifica ha segnalato la necessità dell'intervento, ma non dispone delle risorse per realizzarlo autonomamente"
FAB-09,Reti e infrastrutture idriche per usi agricoli,DC-SZ-009-03,3,L'intervento è inserito nella programmazione del consorzio di bonifica o dell'ente irriguo?,radio,iniziativa_comunale,L'intervento è su iniziativa del comune per infrastrutture rurali minori,"L'intervento riguarda infrastrutture irrigue minori di competenza comunale, non ricomprese nella programmazione consortile"
FAB-10,"Gestione, trattamento e smaltimento dei rifiuti urbani",DC-SZ-010-01,1,Qual è la criticità principale nella gestione dei rifiuti urbani?,radio,rd_bassa,"Raccolta differenziata bassa, lontana dagli obiettivi di legge","La percentuale di raccolta differenziata è significativamente al di sotto degli obiettivi fissati dalla normativa nazionale, con conferimento in discarica o incenerimento di quote eccessive di rifiuto indifferenziato"
FAB-10,"Gestione, trattamento e smaltimento dei rifiuti urbani",DC-SZ-010-01,1,Qual è la criticità principale nella gestione dei rifiuti urbani?,radio,impianto_assente,Assenza di impianti di trattamento locali — dipendenza dall'export,"Il territorio non dispone di impianti propri per il trattamento e il recupero dei rifiuti, dipendendo interamente dall'export verso impianti extra-comunali con costi elevati e rischio di saturazione"
FAB-10,"Gestione, trattamento e smaltimento dei rifiuti urbani",DC-SZ-010-01,1,Qual è la criticità principale nella gestione dei rifiuti urbani?,radio,impianto_obsoleto,Impianti di trattamento obsoleti o sottodimensionati,"Gli impianti di trattamento esistenti sono tecnologicamente obsoleti o sottodimensionati rispetto ai volumi prodotti, con problemi di conformità normativa e impatti ambientali"
FAB-10,"Gestione, trattamento e smaltimento dei rifiuti urbani",DC-SZ-010-01,1,Qual è la criticità principale nella gestione dei rifiuti urbani?,radio,discarica_esaurimento,Discarica in fase di esaurimento o chiusura,"La discarica di riferimento è in fase di esaurimento della capacità residua, rendendo urgente l'individuazione di soluzioni alternative per lo smaltimento del rifiuto residuo"
FAB-10,"Gestione, trattamento e smaltimento dei rifiuti urbani",DC-SZ-010-02,2,Quali conseguenze produce l'attuale gestione dei rifiuti?,checkbox,costi_elevati,Costi di gestione elevati che gravano sulla TARI,costi di gestione elevati che si riflettono su una tariffa rifiuti (TARI) significativamente superiore alla media regionale
FAB-10,"Gestione, trattamento e smaltimento dei rifiuti urbani",DC-SZ-010-02,2,Quali conseguenze produce l'attuale gestione dei rifiuti?,checkbox,abbandono_rifiuti,Abbandono di rifiuti e micro-discariche abusive,fenomeni ricorrenti di abbandono di rifiuti e formazione di micro-discariche abusive sul territorio
FAB-10,"Gestione, trattamento e smaltimento dei rifiuti urbani",DC-SZ-010-02,2,Quali conseguenze produce l'attuale gestione dei rifiuti?,checkbox,impatto_ambientale,"Impatto ambientale su suolo, acque o aria","impatti ambientali documentati su suolo, acque o qualità dell'aria nelle vicinanze degli impianti o dei siti di stoccaggio"
FAB-10,"Gestione, trattamento e smaltimento dei rifiuti urbani",DC-SZ-010-02,2,Quali conseguenze produce l'attuale gestione dei rifiuti?,checkbox,non_conformita,"Non conformità normativa (obiettivi RD, direttiva discariche)","situazione di non conformità rispetto agli obiettivi normativi vigenti in materia di raccolta differenziata, recupero e riduzione del conferimento in discarica"
FAB-10,"Gestione, trattamento e smaltimento dei rifiuti urbani",DC-SZ-010-03,3,L'ente ha già avviato iniziative per migliorare la gestione dei rifiuti?,radio,nessuna,No — il sistema di raccolta è invariato da anni,"Il sistema di gestione dei rifiuti è rimasto sostanzialmente invariato negli ultimi anni, senza interventi di ammodernamento o potenziamento"
FAB-10,"Gestione, trattamento e smaltimento dei rifiuti urbani",DC-SZ-010-03,3,L'ente ha già avviato iniziative per migliorare la gestione dei rifiuti?,radio,porta_a_porta,Sì — avviata la raccolta porta a porta ma servono impianti,"L'ente ha avviato la raccolta differenziata porta a porta, raggiungendo miglioramenti significativi, ma necessita ora di impianti di trattamento e recupero per chiudere il ciclo localmente"
FAB-10,"Gestione, trattamento e smaltimento dei rifiuti urbani",DC-SZ-010-03,3,L'ente ha già avviato iniziative per migliorare la gestione dei rifiuti?,radio,piano_approvato,Sì — il piano regionale o d'ambito prevede l'intervento,"L'intervento è previsto dal piano regionale dei rifiuti o dal piano d'ambito, come componente necessaria per il raggiungimento degli obiettivi di autosufficienza territoriale"
FAB-11,"Tutela della biodiversità, aree protette e fruizione del patrimonio naturale",DC-SZ-011-01,1,Qual è la principale criticità per la biodiversità e il patrimonio naturale del territorio?,radio,habitat_degradato,Habitat naturali degradati o frammentati,"Gli habitat naturali del territorio sono in stato di degrado o frammentazione, con perdita di connettività ecologica e riduzione delle specie presenti"
FAB-11,"Tutela della biodiversità, aree protette e fruizione del patrimonio naturale",DC-SZ-011-01,1,Qual è la principale criticità per la biodiversità e il patrimonio naturale del territorio?,radio,specie_minacciate,Specie protette o minacciate presenti nel territorio,Il territorio ospita specie protette o minacciate il cui stato di conservazione è sfavorevole e richiede interventi specifici di tutela
FAB-11,"Tutela della biodiversità, aree protette e fruizione del patrimonio naturale",DC-SZ-011-01,1,Qual è la principale criticità per la biodiversità e il patrimonio naturale del territorio?,radio,fruizione_assente,Aree naturali di pregio non fruibili o non valorizzate,Il territorio possiede aree naturali di pregio che non sono adeguatamente fruibili dal pubblico per carenza di infrastrutture di accesso e accoglienza
FAB-11,"Tutela della biodiversità, aree protette e fruizione del patrimonio naturale",DC-SZ-011-01,1,Qual è la principale criticità per la biodiversità e il patrimonio naturale del territorio?,radio,pressione_antropica,Forte pressione antropica su aree naturali sensibili,"Le aree naturali sensibili del territorio subiscono una forte pressione antropica (urbanizzazione, turismo non regolato, attività agricole intensive) che ne compromette l'integrità"
FAB-11,"Tutela della biodiversità, aree protette e fruizione del patrimonio naturale",DC-SZ-011-02,2,L'area è sottoposta a vincoli o forme di protezione?,radio,sic_zps,Sì — sito Natura 2000 (SIC/ZSC o ZPS),"L'area è inclusa nella rete Natura 2000 come Sito di Importanza Comunitaria (SIC/ZSC) o Zona di Protezione Speciale (ZPS), con obblighi di conservazione derivanti dalle direttive europee Habitat e Uccelli"
FAB-11,"Tutela della biodiversità, aree protette e fruizione del patrimonio naturale",DC-SZ-011-02,2,L'area è sottoposta a vincoli o forme di protezione?,radio,parco_riserva,Sì — parco naturale o riserva regionale/statale,"L'area ricade in un parco naturale o in una riserva, con un piano di gestione che prevede interventi di conservazione e valorizzazione"
FAB-11,"Tutela della biodiversità, aree protette e fruizione del patrimonio naturale",DC-SZ-011-02,2,L'area è sottoposta a vincoli o forme di protezione?,radio,vincolo_paesaggistico,Solo vincolo paesaggistico,L'area è sottoposta a vincolo paesaggistico ma non gode di forme di protezione attiva della biodiversità
FAB-11,"Tutela della biodiversità, aree protette e fruizione del patrimonio naturale",DC-SZ-011-02,2,L'area è sottoposta a vincoli o forme di protezione?,radio,nessuna_protezione,No — area di interesse naturalistico senza forme di protezione,"L'area, pur avendo interesse naturalistico riconosciuto, non è attualmente sottoposta a forme di protezione che ne garantiscano la conservazione"
FAB-11,"Tutela della biodiversità, aree protette e fruizione del patrimonio naturale",DC-SZ-011-03,3,Esistono strumenti di gestione attiva dell'area e con quale stato di attuazione?,radio,piano_attuato,"Piano di gestione approvato e in attuazione, ma con criticità residue","È in vigore un piano di gestione dell'area, parzialmente attuato, ma persistono criticità che richiedono interventi specifici non ancora realizzati"
FAB-11,"Tutela della biodiversità, aree protette e fruizione del patrimonio naturale",DC-SZ-011-03,3,Esistono strumenti di gestione attiva dell'area e con quale stato di attuazione?,radio,piano_non_attuato,Piano di gestione approvato ma non attuato per carenza di risorse,"Esiste un piano di gestione approvato, ma la sua attuazione è fortemente limitata dalla carenza di risorse umane e finanziarie dell'ente gestore"
FAB-11,"Tutela della biodiversità, aree protette e fruizione del patrimonio naturale",DC-SZ-011-03,3,Esistono strumenti di gestione attiva dell'area e con quale stato di attuazione?,radio,nessun_piano,Nessun piano di gestione — l'area non è gestita attivamente,"L'area non dispone di un piano di gestione e non è soggetta a forme di gestione attiva, con conseguente assenza di monitoraggio e manutenzione"
FAB-12,Verde urbano e infrastrutture verdi,DC-SZ-012-01,1,Qual è la principale carenza di verde nel contesto urbano del comune?,radio,dotazione_bassa,Dotazione di verde pro capite molto al di sotto della media,"La dotazione di verde pubblico pro capite del comune è significativamente inferiore alla media regionale e nazionale, con quartieri interi privi di aree verdi fruibili"
FAB-12,Verde urbano e infrastrutture verdi,DC-SZ-012-01,1,Qual è la principale carenza di verde nel contesto urbano del comune?,radio,qualita_scadente,Verde presente ma in cattivo stato di manutenzione,"Il verde pubblico è presente ma in condizioni di manutenzione scadente, con aree degradate, arredi danneggiati e percezione di insicurezza che ne limita la fruizione"
FAB-12,Verde urbano e infrastrutture verdi,DC-SZ-012-01,1,Qual è la principale carenza di verde nel contesto urbano del comune?,radio,isola_calore,Quartieri ad alta densità senza mitigazione dell'isola di calore,"Il centro urbano presenta quartieri ad alta densità privi di infrastrutture verdi, con effetto isola di calore marcato e temperature estive significativamente superiori alle aree periferiche"
FAB-12,Verde urbano e infrastrutture verdi,DC-SZ-012-01,1,Qual è la principale carenza di verde nel contesto urbano del comune?,radio,connettivita_assente,"Aree verdi isolate, senza connessioni ecologiche","Le aree verdi esistenti sono frammentate e isolate tra loro, senza corridoi ecologici che ne colleghino le funzionalità ambientali e ne consentano la fruizione continua"
FAB-12,Verde urbano e infrastrutture verdi,DC-SZ-012-02,2,Quali effetti produce la carenza di verde sulla vita urbana?,checkbox,salute,"Impatto sulla salute pubblica (qualità dell'aria, stress termico)",un impatto sulla salute pubblica legato alla scarsa qualità dell'aria urbana e allo stress termico nei mesi estivi
FAB-12,Verde urbano e infrastrutture verdi,DC-SZ-012-02,2,Quali effetti produce la carenza di verde sulla vita urbana?,checkbox,socialita,Mancanza di spazi per la socialità e il gioco all'aperto,"una carenza di spazi per la socialità, il gioco dei bambini e le attività ricreative all'aperto"
FAB-12,Verde urbano e infrastrutture verdi,DC-SZ-012-02,2,Quali effetti produce la carenza di verde sulla vita urbana?,checkbox,biodiversita_urbana,Riduzione della biodiversità urbana,"una riduzione della biodiversità urbana, con scomparsa di specie vegetali e animali dalle aree più densamente edificate"
FAB-12,Verde urbano e infrastrutture verdi,DC-SZ-012-02,2,Quali effetti produce la carenza di verde sulla vita urbana?,checkbox,valore_immobiliare,Impatto negativo sulla qualità e sul valore del quartiere,un impatto negativo sulla qualità percepita e sul valore immobiliare dei quartieri meno dotati di verde
FAB-12,Verde urbano e infrastrutture verdi,DC-SZ-012-03,3,L'ente ha una pianificazione del verde e dispone di aree disponibili?,radio,piano_e_aree,Sì — piano del verde approvato e aree individuate,Il comune ha approvato un piano del verde urbano e ha già individuato le aree su cui intervenire
FAB-12,Verde urbano e infrastrutture verdi,DC-SZ-012-03,3,L'ente ha una pianificazione del verde e dispone di aree disponibili?,radio,aree_no_piano,Aree disponibili ma senza un piano organico,"Sono disponibili aree comunali idonee all'intervento, ma non esiste ancora un piano organico del verde urbano"
FAB-12,Verde urbano e infrastrutture verdi,DC-SZ-012-03,3,L'ente ha una pianificazione del verde e dispone di aree disponibili?,radio,aree_da_acquisire,Servono acquisizioni o trasformazioni di aree esistenti,La realizzazione di nuove aree verdi richiede l'acquisizione di suoli o la trasformazione di aree attualmente destinate ad altri usi
FAB-13,Gestione e presidio del patrimonio forestale,DC-SZ-013-01,1,Qual è la criticità principale del patrimonio forestale nel territorio?,radio,incendi,Rischio incendi elevato per abbandono colturale,"Il patrimonio forestale è esposto a un elevato rischio di incendi boschivi, aggravato dall'abbandono colturale, dall'accumulo di biomassa secca e dall'inadeguatezza delle infrastrutture antincendio"
FAB-13,Gestione e presidio del patrimonio forestale,DC-SZ-013-01,1,Qual è la criticità principale del patrimonio forestale nel territorio?,radio,dissesto,Boschi degradati che non svolgono più funzione protettiva,"I boschi del territorio sono in stato di degrado e non svolgono più la funzione protettiva di difesa del suolo e regimazione delle acque, con rischio di dissesto idrogeologico a valle"
FAB-13,Gestione e presidio del patrimonio forestale,DC-SZ-013-01,1,Qual è la criticità principale del patrimonio forestale nel territorio?,radio,gestione_assente,Patrimonio forestale non gestito — assenza di piano di gestione,"Il patrimonio forestale comunale non è soggetto a un piano di gestione attivo, con conseguente assenza di interventi selvicolturali, di monitoraggio fitosanitario e di valorizzazione economica sostenibile"
FAB-13,Gestione e presidio del patrimonio forestale,DC-SZ-013-01,1,Qual è la criticità principale del patrimonio forestale nel territorio?,radio,accessibilita,"Infrastrutture forestali carenti (viabilità, sentieri, piazzole)","Le infrastrutture a servizio del patrimonio forestale (viabilità forestale, sentieristica, piazzole di esbosco) sono carenti o deteriorate, impedendo tanto la gestione selvicolturale quanto la fruizione turistica"
FAB-13,Gestione e presidio del patrimonio forestale,DC-SZ-013-02,2,Il patrimonio forestale ha subito eventi dannosi recenti?,radio,incendio_recente,Sì — incendio boschivo significativo,Il patrimonio forestale ha subito un incendio significativo che ha distrutto o danneggiato una porzione rilevante della superficie boscata
FAB-13,Gestione e presidio del patrimonio forestale,DC-SZ-013-02,2,Il patrimonio forestale ha subito eventi dannosi recenti?,radio,fitopatie,Sì — attacco di patogeni o specie invasive,Il patrimonio forestale è stato colpito da fitopatie o dall'avanzata di specie invasive che ne stanno compromettendo la vitalità e la composizione
FAB-13,Gestione e presidio del patrimonio forestale,DC-SZ-013-02,2,Il patrimonio forestale ha subito eventi dannosi recenti?,radio,evento_meteorologico,"Sì — evento meteorologico estremo (vento, neve)","Un evento meteorologico estremo (tempesta di vento, nevicata eccezionale) ha provocato schianti e danni diffusi alla copertura forestale"
FAB-13,Gestione e presidio del patrimonio forestale,DC-SZ-013-02,2,Il patrimonio forestale ha subito eventi dannosi recenti?,radio,nessun_evento,No — ma lo stato di abbandono aumenta il rischio,"Non si sono verificati eventi dannosi recenti, tuttavia lo stato di abbandono e la mancanza di gestione attiva aumentano progressivamente la vulnerabilità del patrimonio forestale"
FAB-14,Modernizzazione e resilienza delle reti energetiche locali,DC-SZ-014-01,1,Qual è la criticità principale delle reti energetiche nel territorio?,radio,rete_elettrica_obsoleta,Rete di distribuzione elettrica obsoleta con interruzioni frequenti,"La rete di distribuzione elettrica del territorio è obsoleta, con componenti vetuste che causano interruzioni frequenti del servizio e qualità dell'energia non conforme agli standard"
FAB-14,Modernizzazione e resilienza delle reti energetiche locali,DC-SZ-014-01,1,Qual è la criticità principale delle reti energetiche nel territorio?,radio,rete_gas_inadeguata,Rete gas metano assente o insufficiente,"La rete di distribuzione del gas metano è assente o insufficiente, con aree del territorio ancora dipendenti da combustibili più costosi e inquinanti"
FAB-14,Modernizzazione e resilienza delle reti energetiche locali,DC-SZ-014-01,1,Qual è la criticità principale delle reti energetiche nel territorio?,radio,integrazione_fer,La rete non è predisposta per l'integrazione di fonti rinnovabili,"La rete energetica locale non è predisposta per l'integrazione di energia da fonti rinnovabili distribuite, con limiti tecnici all'immissione di energia da prosumer e comunità energetiche"
FAB-14,Modernizzazione e resilienza delle reti energetiche locali,DC-SZ-014-01,1,Qual è la criticità principale delle reti energetiche nel territorio?,radio,resilienza,La rete è vulnerabile a eventi meteo estremi,"La rete energetica è particolarmente vulnerabile agli eventi meteorologici estremi, con linee aeree esposte e assenza di sistemi di riserva e riconfigurazione automatica"
FAB-14,Modernizzazione e resilienza delle reti energetiche locali,DC-SZ-014-02,2,Quali conseguenze produce l'inadeguatezza della rete energetica?,checkbox,blackout,Blackout e interruzioni che colpiscono utenze sensibili,"blackout e interruzioni del servizio che colpiscono utenze sensibili (strutture sanitarie, impianti di depurazione, edifici scolastici)"
FAB-14,Modernizzazione e resilienza delle reti energetiche locali,DC-SZ-014-02,2,Quali conseguenze produce l'inadeguatezza della rete energetica?,checkbox,perdite_rete,Perdite di rete elevate con spreco energetico,perdite di rete elevate che determinano uno spreco energetico significativo e un incremento dei costi per gli utenti finali
FAB-14,Modernizzazione e resilienza delle reti energetiche locali,DC-SZ-014-02,2,Quali conseguenze produce l'inadeguatezza della rete energetica?,checkbox,freno_fer,Impossibilità di connettere nuovi impianti rinnovabili,"impossibilità tecnica di connettere nuovi impianti da fonti rinnovabili alla rete, frenando la transizione energetica del territorio"
FAB-14,Modernizzazione e resilienza delle reti energetiche locali,DC-SZ-014-02,2,Quali conseguenze produce l'inadeguatezza della rete energetica?,checkbox,costi_energia,Costi energetici elevati per imprese e famiglie,"costi energetici superiori alla media per imprese e famiglie del territorio, con impatto sulla competitività economica e sulla povertà energetica"
FAB-14,Modernizzazione e resilienza delle reti energetiche locali,DC-SZ-014-03,3,L'intervento è coordinato con il distributore di energia o con la pianificazione energetica locale?,radio,piano_distributore,Sì — previsto nel piano di sviluppo del distributore,L'intervento è coerente con il piano di sviluppo del distributore di energia locale e risponde a criticità già segnalate dall'operatore
FAB-14,Modernizzazione e resilienza delle reti energetiche locali,DC-SZ-014-03,3,L'intervento è coordinato con il distributore di energia o con la pianificazione energetica locale?,radio,paesc,Sì — previsto nel PAESC o nel piano energetico comunale,L'intervento è previsto nel Piano d'Azione per l'Energia Sostenibile e il Clima (PAESC) o nel piano energetico dell'ente
FAB-14,Modernizzazione e resilienza delle reti energetiche locali,DC-SZ-014-03,3,L'intervento è coordinato con il distributore di energia o con la pianificazione energetica locale?,radio,nessun_coordinamento,No — l'intervento risponde a un'esigenza locale urgente,"L'intervento risponde a un'esigenza locale urgente non ancora recepita nella programmazione di rete, che l'ente intende anticipare per risolvere criticità non più tollerabili"
FAB-15,Efficienza energetica di edifici e impianti pubblici,DC-SZ-015-01,1,Quale funzione svolge l'edificio pubblico oggetto dell'intervento?,radio,scolastico,"Edificio scolastico (nido, infanzia, primaria, secondaria)",L'edificio oggetto dell'intervento è un edificio scolastico che accoglie quotidianamente studenti e personale docente
FAB-15,Efficienza energetica di edifici e impianti pubblici,DC-SZ-015-01,1,Quale funzione svolge l'edificio pubblico oggetto dell'intervento?,radio,amministrativo,Sede municipale o uffici amministrativi,"L'edificio è la sede di uffici amministrativi comunali, punto di riferimento per l'erogazione di servizi al cittadino"
FAB-15,Efficienza energetica di edifici e impianti pubblici,DC-SZ-015-01,1,Quale funzione svolge l'edificio pubblico oggetto dell'intervento?,radio,sociosanitario,Struttura sociosanitaria o assistenziale,L'edificio ospita una struttura sociosanitaria o assistenziale che eroga servizi a categorie vulnerabili della popolazione
FAB-15,Efficienza energetica di edifici e impianti pubblici,DC-SZ-015-01,1,Quale funzione svolge l'edificio pubblico oggetto dell'intervento?,radio,culturale_sportivo,"Struttura culturale, sportiva o di aggregazione","L'edificio è una struttura culturale, sportiva o di aggregazione a servizio della comunità locale"
FAB-15,Efficienza energetica di edifici e impianti pubblici,DC-SZ-015-01,1,Quale funzione svolge l'edificio pubblico oggetto dell'intervento?,radio,altro,Altro edificio di proprietà pubblica,L'edificio è un immobile di proprietà pubblica destinato a funzioni istituzionali o di servizio al territorio
FAB-15,Efficienza energetica di edifici e impianti pubblici,DC-SZ-015-02,2,Quali sono le cause principali dell'inefficienza energetica dell'edificio?,checkbox,involucro,"Involucro non coibentato (pareti, copertura, serramenti)","dispersioni termiche attraverso un involucro edilizio privo di coibentazione adeguata (pareti, copertura, serramenti)"
FAB-15,Efficienza energetica di edifici e impianti pubblici,DC-SZ-015-02,2,Quali sono le cause principali dell'inefficienza energetica dell'edificio?,checkbox,impianto_termico,Caldaia o impianto di climatizzazione obsoleto,un impianto di climatizzazione obsoleto con rendimento nettamente inferiore ai minimi di legge
FAB-15,Efficienza energetica di edifici e impianti pubblici,DC-SZ-015-02,2,Quali sono le cause principali dell'inefficienza energetica dell'edificio?,checkbox,distribuzione,Rete di distribuzione interna non regolata,una rete di distribuzione interna non coibentata e priva di regolazione ambiente per ambiente
FAB-15,Efficienza energetica di edifici e impianti pubblici,DC-SZ-015-02,2,Quali sono le cause principali dell'inefficienza energetica dell'edificio?,checkbox,illuminazione,Illuminazione ad alto consumo e senza regolazione,un impianto di illuminazione ad alto consumo privo di sistemi di regolazione automatica
FAB-15,Efficienza energetica di edifici e impianti pubblici,DC-SZ-015-02,2,Quali sono le cause principali dell'inefficienza energetica dell'edificio?,checkbox,assenza_fer,Nessuna produzione da fonti rinnovabili,"l'assenza di impianti per la produzione di energia da fonti rinnovabili, con dipendenza totale dalla rete"
FAB-15,Efficienza energetica di edifici e impianti pubblici,DC-SZ-015-03,3,L'edificio è soggetto a obblighi normativi in materia energetica attualmente non rispettati?,radio,obbligo_attivo,Sì — obblighi normativi in scadenza o già scaduti,"L'edificio è soggetto a obblighi normativi in materia di prestazione energetica attualmente non soddisfatti, con scadenze già superate o imminenti che espongono l'ente a rischio di sanzioni o blocco di finanziamenti"
FAB-15,Efficienza energetica di edifici e impianti pubblici,DC-SZ-015-03,3,L'edificio è soggetto a obblighi normativi in materia energetica attualmente non rispettati?,radio,cam_appalti,Sì — i CAM impongono standard non raggiunti,I Criteri Ambientali Minimi (CAM) applicabili agli appalti pubblici impongono standard di efficienza energetica che l'edificio non raggiunge nella sua configurazione attuale
FAB-15,Efficienza energetica di edifici e impianti pubblici,DC-SZ-015-03,3,L'edificio è soggetto a obblighi normativi in materia energetica attualmente non rispettati?,radio,nessun_obbligo,"No — nessun obbligo specifico, ma l'intervento è opportuno","Non sussistono obblighi normativi specifici in scadenza, tuttavia le prestazioni energetiche dell'edificio sono significativamente al di sotto degli standard attuali"
FAB-15,Efficienza energetica di edifici e impianti pubblici,DC-SZ-015-04,4,Quali conseguenze concrete produce oggi l'inefficienza energetica?,checkbox,costi,Spesa energetica eccessiva che grava sul bilancio,"una spesa energetica annuale sproporzionata rispetto alla dimensione e alla funzione dell'edificio, che sottrae risorse ad altri servizi"
FAB-15,Efficienza energetica di edifici e impianti pubblici,DC-SZ-015-04,4,Quali conseguenze concrete produce oggi l'inefficienza energetica?,checkbox,discomfort,Discomfort termico per utenti e personale,"condizioni di discomfort termico per gli utenti e il personale, con temperature inadeguate in inverno e/o in estate"
FAB-15,Efficienza energetica di edifici e impianti pubblici,DC-SZ-015-04,4,Quali conseguenze concrete produce oggi l'inefficienza energetica?,checkbox,guasti,Guasti frequenti con interruzioni di servizio,guasti frequenti agli impianti che provocano interruzioni del servizio e richiedono interventi di emergenza
FAB-15,Efficienza energetica di edifici e impianti pubblici,DC-SZ-015-04,4,Quali conseguenze concrete produce oggi l'inefficienza energetica?,checkbox,emissioni,Emissioni climalteranti significative,un contributo significativo alle emissioni climalteranti del patrimonio pubblico comunale
FAB-15,Efficienza energetica di edifici e impianti pubblici,DC-SZ-015-05,5,L'ente ha già realizzato interventi parziali di efficientamento su questo edificio?,radio,nessuno,No — nessun intervento di efficientamento,"Ad oggi l'ente non ha realizzato interventi di efficientamento energetico sull'edificio, che conserva la configurazione impiantistica e costruttiva originaria"
FAB-15,Efficienza energetica di edifici e impianti pubblici,DC-SZ-015-05,5,L'ente ha già realizzato interventi parziali di efficientamento su questo edificio?,radio,parziali_insufficienti,Sì — interventi parziali che non hanno risolto il problema,"L'ente ha realizzato interventi parziali (sostituzione di serramenti, manutenzione dell'impianto termico), che tuttavia non hanno risolto le criticità strutturali e hanno prodotto miglioramenti marginali"
FAB-15,Efficienza energetica di edifici e impianti pubblici,DC-SZ-015-05,5,L'ente ha già realizzato interventi parziali di efficientamento su questo edificio?,radio,audit,È stato effettuato un audit energetico che conferma la necessità di intervento organico,"È stato effettuato un audit energetico dell'edificio che ha confermato la necessità di un intervento organico e strutturale, non risolvibile con azioni puntuali"
FAB-16,Transizione energetica e riduzione delle emissioni climalteranti,DC-SZ-016-01,1,Qual è la principale fonte di emissioni climalteranti nel territorio comunale?,checkbox,edifici_pubblici,Edifici pubblici con sistemi di riscaldamento a combustibili fossili,"il parco edilizio pubblico, prevalentemente riscaldato con caldaie a combustibili fossili"
FAB-16,Transizione energetica e riduzione delle emissioni climalteranti,DC-SZ-016-01,1,Qual è la principale fonte di emissioni climalteranti nel territorio comunale?,checkbox,mobilita,Trasporto e mobilità locale,"il settore dei trasporti e della mobilità locale, con parco veicolare a prevalenza di motori endotermici"
FAB-16,Transizione energetica e riduzione delle emissioni climalteranti,DC-SZ-016-01,1,Qual è la principale fonte di emissioni climalteranti nel territorio comunale?,checkbox,residenziale,Edilizia residenziale ad alta dispersione energetica,"il comparto residenziale, caratterizzato da un parco edilizio ad alta dispersione energetica e riscaldamento non efficiente"
FAB-16,Transizione energetica e riduzione delle emissioni climalteranti,DC-SZ-016-01,1,Qual è la principale fonte di emissioni climalteranti nel territorio comunale?,checkbox,produttivo,Attività produttive e agricole,"le attività produttive e agricole del territorio, con processi ad alto consumo energetico"
FAB-16,Transizione energetica e riduzione delle emissioni climalteranti,DC-SZ-016-02,2,Il comune ha sottoscritto impegni in materia di riduzione delle emissioni?,radio,paesc_approvato,Sì — PAESC approvato con obiettivi quantificati,"Il comune ha approvato un Piano d'Azione per l'Energia Sostenibile e il Clima (PAESC) con obiettivi quantificati di riduzione delle emissioni, rispetto ai quali l'intervento rappresenta un'azione necessaria per il raggiungimento dei target"
FAB-16,Transizione energetica e riduzione delle emissioni climalteranti,DC-SZ-016-02,2,Il comune ha sottoscritto impegni in materia di riduzione delle emissioni?,radio,patto_sindaci,Sì — adesione al Patto dei Sindaci ma piano non ancora attuato,"Il comune ha aderito al Patto dei Sindaci, assumendo impegni di riduzione delle emissioni, ma l'attuazione del piano è ancora in fase iniziale"
FAB-16,Transizione energetica e riduzione delle emissioni climalteranti,DC-SZ-016-02,2,Il comune ha sottoscritto impegni in materia di riduzione delle emissioni?,radio,nessun_impegno,No — nessun impegno formale ma consapevolezza della necessità,"Il comune non ha ancora assunto impegni formali di riduzione delle emissioni, ma riconosce la necessità di avviare il percorso di transizione energetica del territorio"
FAB-16,Transizione energetica e riduzione delle emissioni climalteranti,DC-SZ-016-03,3,Quali azioni il comune ha già intrapreso per la riduzione delle emissioni?,radio,nessuna,Nessuna azione significativa intrapresa,Ad oggi il comune non ha intrapreso azioni significative per la riduzione delle emissioni climalteranti del territorio
FAB-16,Transizione energetica e riduzione delle emissioni climalteranti,DC-SZ-016-03,3,Quali azioni il comune ha già intrapreso per la riduzione delle emissioni?,radio,azioni_parziali,"Azioni puntuali (LED su illuminazione pubblica, mobilità elettrica)","Il comune ha realizzato interventi puntuali (sostituzione dell'illuminazione pubblica con LED, installazione di colonnine di ricarica), ma queste azioni coprono una quota marginale delle emissioni totali"
FAB-16,Transizione energetica e riduzione delle emissioni climalteranti,DC-SZ-016-03,3,Quali azioni il comune ha già intrapreso per la riduzione delle emissioni?,radio,piano_organico,Piano organico avviato — l'intervento è il passo successivo,Il comune ha avviato un piano organico di riduzione delle emissioni di cui l'intervento proposto rappresenta il passo successivo e prioritario
FAB-17,Produzione locale di energia da fonti rinnovabili,DC-SZ-017-01,1,Qual è lo stato attuale della produzione di energia rinnovabile nel territorio?,radio,assente,Nessun impianto FER pubblico nel territorio,Il territorio non dispone di impianti pubblici per la produzione di energia da fonti rinnovabili; l'intero fabbisogno energetico è soddisfatto dalla rete nazionale
FAB-17,Produzione locale di energia da fonti rinnovabili,DC-SZ-017-01,1,Qual è lo stato attuale della produzione di energia rinnovabile nel territorio?,radio,marginale,Presenza marginale — pochi impianti di piccola taglia,"Sono presenti alcuni impianti rinnovabili di piccola taglia, ma la loro produzione copre una quota marginale del fabbisogno energetico locale"
FAB-17,Produzione locale di energia da fonti rinnovabili,DC-SZ-017-01,1,Qual è lo stato attuale della produzione di energia rinnovabile nel territorio?,radio,potenziale_inespresso,Potenziale FER significativo ma non sfruttato,"Il territorio possiede un potenziale significativo per la produzione di energia rinnovabile (solare, eolico, idroelettrico, biomasse) che risulta largamente inespresso"
FAB-17,Produzione locale di energia da fonti rinnovabili,DC-SZ-017-02,2,Quale fonte rinnovabile si intende sviluppare con l'intervento?,radio,fotovoltaico,Solare fotovoltaico (su coperture pubbliche o aree comunali),L'intervento prevede lo sviluppo della produzione fotovoltaica su coperture di edifici pubblici o aree comunali
FAB-17,Produzione locale di energia da fonti rinnovabili,DC-SZ-017-02,2,Quale fonte rinnovabile si intende sviluppare con l'intervento?,radio,idroelettrico,Mini-idroelettrico su corsi d'acqua o infrastrutture idriche,L'intervento prevede la realizzazione di impianti mini-idroelettrici integrati nelle infrastrutture idriche o nei corsi d'acqua del territorio
FAB-17,Produzione locale di energia da fonti rinnovabili,DC-SZ-017-02,2,Quale fonte rinnovabile si intende sviluppare con l'intervento?,radio,biomasse,Biomasse (da filiera forestale o agricola locale),L'intervento prevede la realizzazione di un impianto a biomasse alimentato dalla filiera forestale o agricola locale
FAB-17,Produzione locale di energia da fonti rinnovabili,DC-SZ-017-02,2,Quale fonte rinnovabile si intende sviluppare con l'intervento?,radio,comunita_energetica,Comunità energetica rinnovabile (CER),L'intervento è finalizzato alla costituzione di una comunità energetica rinnovabile (CER) che consenta la condivisione dell'energia prodotta tra più utenze del territorio
FAB-17,Produzione locale di energia da fonti rinnovabili,DC-SZ-017-03,3,Quali ostacoli hanno finora impedito lo sviluppo delle rinnovabili nel territorio?,checkbox,risorse_finanziarie,Mancanza di risorse finanziarie per l'investimento iniziale,la mancanza di risorse finanziarie per sostenere l'investimento iniziale
FAB-17,Produzione locale di energia da fonti rinnovabili,DC-SZ-017-03,3,Quali ostacoli hanno finora impedito lo sviluppo delle rinnovabili nel territorio?,checkbox,vincoli_paesaggistici,Vincoli paesaggistici o ambientali,la presenza di vincoli paesaggistici o ambientali che hanno limitato le opzioni localizzative
FAB-17,Produzione locale di energia da fonti rinnovabili,DC-SZ-017-03,3,Quali ostacoli hanno finora impedito lo sviluppo delle rinnovabili nel territorio?,checkbox,capacita_rete,Limiti di capacità della rete elettrica locale,"i limiti di capacità della rete di distribuzione elettrica, che non consente l'immissione di nuova potenza"
FAB-17,Produzione locale di energia da fonti rinnovabili,DC-SZ-017-03,3,Quali ostacoli hanno finora impedito lo sviluppo delle rinnovabili nel territorio?,checkbox,competenze,Carenza di competenze tecniche e amministrative,la carenza di competenze tecniche e amministrative nell'ente per la progettazione e gestione di impianti FER
FAB-18,Rigenerazione urbana e riqualificazione di aree degradate,DC-SZ-018-01,1,Che tipo di area degradata è oggetto dell'intervento?,radio,centro_storico,Centro storico o nucleo antico in abbandono,"L'intervento riguarda un centro storico o nucleo antico caratterizzato da abbandono progressivo, con edifici fatiscenti, attività commerciali cessate e perdita di residenti"
FAB-18,Rigenerazione urbana e riqualificazione di aree degradate,DC-SZ-018-01,1,Che tipo di area degradata è oggetto dell'intervento?,radio,periferia,Quartiere periferico con tessuto edilizio degradato,"L'intervento interessa un quartiere periferico con tessuto edilizio degradato, spazi pubblici deteriorati e concentrazione di disagio socioeconomico"
FAB-18,Rigenerazione urbana e riqualificazione di aree degradate,DC-SZ-018-01,1,Che tipo di area degradata è oggetto dell'intervento?,radio,area_dismessa,Area industriale o militare dismessa,"L'intervento riguarda un'area dismessa (industriale, militare, ferroviaria) che costituisce un vuoto urbano e una frattura nel tessuto della città"
FAB-18,Rigenerazione urbana e riqualificazione di aree degradate,DC-SZ-018-01,1,Che tipo di area degradata è oggetto dell'intervento?,radio,waterfront,"Fronte mare, fronte fiume o area portuale degradata","L'intervento interessa un'area di waterfront (lungomare, lungofiume, area portuale) in stato di degrado che ne impedisce la fruizione pubblica"
FAB-18,Rigenerazione urbana e riqualificazione di aree degradate,DC-SZ-018-02,2,Quali sono le manifestazioni del degrado nell'area?,checkbox,edilizio,"Edifici fatiscenti, pericolanti o abbandonati","edifici fatiscenti, pericolanti o abbandonati che generano pericolo e degrado visivo"
FAB-18,Rigenerazione urbana e riqualificazione di aree degradate,DC-SZ-018-02,2,Quali sono le manifestazioni del degrado nell'area?,checkbox,spazi_pubblici,"Spazi pubblici deteriorati (piazze, strade, marciapiedi)","spazi pubblici deteriorati con pavimentazioni dissestate, illuminazione carente e arredo urbano assente o vandalizzato"
FAB-18,Rigenerazione urbana e riqualificazione di aree degradate,DC-SZ-018-02,2,Quali sono le manifestazioni del degrado nell'area?,checkbox,insicurezza,Percezione di insicurezza e fenomeni di marginalità,una forte percezione di insicurezza con fenomeni di marginalità sociale che allontanano residenti e attività
FAB-18,Rigenerazione urbana e riqualificazione di aree degradate,DC-SZ-018-02,2,Quali sono le manifestazioni del degrado nell'area?,checkbox,ambientale,Contaminazione ambientale o presenza di rifiuti,criticità ambientali con presenza di rifiuti abbandonati o suoli potenzialmente contaminati
FAB-18,Rigenerazione urbana e riqualificazione di aree degradate,DC-SZ-018-03,3,L'ente ha già avviato un percorso di rigenerazione per quest'area?,radio,programma_approvato,"Sì — programma di rigenerazione approvato, in attesa di finanziamento","L'ente ha approvato un programma di rigenerazione urbana per l'area, con progettazione avviata e in attesa di finanziamento per la realizzazione"
FAB-18,Rigenerazione urbana e riqualificazione di aree degradate,DC-SZ-018-03,3,L'ente ha già avviato un percorso di rigenerazione per quest'area?,radio,studio_fattibilita,Studio di fattibilità o masterplan elaborato,"È stato elaborato uno studio di fattibilità o un masterplan per la rigenerazione dell'area, che ne ha confermato la fattibilità tecnica ed economica"
FAB-18,Rigenerazione urbana e riqualificazione di aree degradate,DC-SZ-018-03,3,L'ente ha già avviato un percorso di rigenerazione per quest'area?,radio,nessuno,No — l'area è rimasta invariata per anni,"L'area è rimasta in condizioni di degrado per anni senza interventi significativi, con un progressivo deterioramento delle condizioni fisiche e sociali"
FAB-19,Riconversione e reindustrializzazione di aree produttive dismesse,DC-SZ-019-01,1,Qual è lo stato dell'area produttiva dismessa?,radio,contaminata,Area contaminata — necessita bonifica prima della riconversione,"L'area produttiva dismessa presenta contaminazione dei suoli documentata o sospetta, che richiede interventi di bonifica propedeutici alla riconversione"
FAB-19,Riconversione e reindustrializzazione di aree produttive dismesse,DC-SZ-019-01,1,Qual è lo stato dell'area produttiva dismessa?,radio,strutture_recuperabili,Strutture esistenti recuperabili per nuove funzioni,"L'area dispone di strutture esistenti (capannoni, edifici di servizio) in condizioni recuperabili, che possono essere riconvertite a nuove funzioni produttive o di servizio"
FAB-19,Riconversione e reindustrializzazione di aree produttive dismesse,DC-SZ-019-01,1,Qual è lo stato dell'area produttiva dismessa?,radio,demolizione,Strutture irrecuperabili — necessita demolizione e rigenerazione,"Le strutture esistenti sono irrecuperabili e necessitano di demolizione per restituire l'area a nuove funzioni, con costi significativi di bonifica e preparazione del sito"
FAB-19,Riconversione e reindustrializzazione di aree produttive dismesse,DC-SZ-019-02,2,L'area dismessa produce effetti negativi sul contesto circostante?,checkbox,degrado_urbano,Degrado urbano e svalutazione delle aree circostanti,l'area dismessa genera degrado visivo e svalutazione immobiliare delle zone circostanti
FAB-19,Riconversione e reindustrializzazione di aree produttive dismesse,DC-SZ-019-02,2,L'area dismessa produce effetti negativi sul contesto circostante?,checkbox,rischio_ambientale,Rischio ambientale per i residenti,"l'area rappresenta un rischio ambientale per i residenti, con potenziale contaminazione diffusa"
FAB-19,Riconversione e reindustrializzazione di aree produttive dismesse,DC-SZ-019-02,2,L'area dismessa produce effetti negativi sul contesto circostante?,checkbox,occupazione_persa,Posti di lavoro persi non sostituiti,la dismissione ha comportato la perdita di posti di lavoro non sostituiti da nuove attività nel territorio
FAB-19,Riconversione e reindustrializzazione di aree produttive dismesse,DC-SZ-019-02,2,L'area dismessa produce effetti negativi sul contesto circostante?,checkbox,costo_custodia,Costi di custodia e vigilanza a carico dell'ente,"l'ente sostiene costi di custodia, vigilanza e messa in sicurezza dell'area abbandonata"
FAB-19,Riconversione e reindustrializzazione di aree produttive dismesse,DC-SZ-019-03,3,Esiste una domanda di mercato o un progetto per il riutilizzo dell'area?,radio,manifestazioni_interesse,Sì — ci sono manifestazioni di interesse da parte di imprese,"Sono state raccolte manifestazioni di interesse da parte di imprese per l'insediamento nell'area, subordinate alla realizzazione degli interventi di riconversione"
FAB-19,Riconversione e reindustrializzazione di aree produttive dismesse,DC-SZ-019-03,3,Esiste una domanda di mercato o un progetto per il riutilizzo dell'area?,radio,riuso_pubblico,Il comune intende destinare l'area a funzioni pubbliche,"Il comune intende destinare l'area a funzioni pubbliche (parco, servizi, housing sociale), in coerenza con la pianificazione urbanistica"
FAB-19,Riconversione e reindustrializzazione di aree produttive dismesse,DC-SZ-019-03,3,Esiste una domanda di mercato o un progetto per il riutilizzo dell'area?,radio,nessun_progetto,Non ancora — l'intervento è propedeutico a una futura destinazione,"Non esiste ancora un progetto definito per il riutilizzo, ma l'intervento di bonifica e preparazione è propedeutico a qualsiasi futura destinazione dell'area"
FAB-20,Sicurezza e qualità della rete stradale locale,DC-SZ-020-01,1,Quali sono le principali criticità della rete stradale interessata dall'intervento?,checkbox,manto_degradato,"Manto stradale degradato (buche, fessurazioni, cedimenti)","manto stradale gravemente degradato con buche, fessurazioni e cedimenti che compromettono la percorribilità e la sicurezza"
FAB-20,Sicurezza e qualità della rete stradale locale,DC-SZ-020-01,1,Quali sono le principali criticità della rete stradale interessata dall'intervento?,checkbox,incidentalita,Tratti con elevata incidentalità documentata,"tratti stradali con elevata incidentalità documentata, segnalati come punti neri dalla statistica degli incidenti"
FAB-20,Sicurezza e qualità della rete stradale locale,DC-SZ-020-01,1,Quali sono le principali criticità della rete stradale interessata dall'intervento?,checkbox,assenza_marciapiedi,"Assenza di marciapiedi, attraversamenti protetti o illuminazione","assenza o inadeguatezza di marciapiedi, attraversamenti pedonali protetti e illuminazione pubblica, con rischio per l'utenza debole"
FAB-20,Sicurezza e qualità della rete stradale locale,DC-SZ-020-01,1,Quali sono le principali criticità della rete stradale interessata dall'intervento?,checkbox,sezione_inadeguata,Sezione stradale inadeguata rispetto al traffico,"sezione stradale inadeguata rispetto ai volumi di traffico attuali, con congestione nelle ore di punta e impossibilità di convivenza sicura tra veicoli e pedoni"
FAB-20,Sicurezza e qualità della rete stradale locale,DC-SZ-020-01,1,Quali sono le principali criticità della rete stradale interessata dall'intervento?,checkbox,segnaletica,Segnaletica carente o non conforme,"segnaletica stradale carente, deteriorata o non conforme al Codice della Strada, con riduzione della leggibilità del tracciato"
FAB-20,Sicurezza e qualità della rete stradale locale,DC-SZ-020-02,2,Si sono verificati incidenti gravi o reclami ricorrenti su queste strade?,radio,incidenti_gravi,Sì — incidenti con feriti gravi o vittime negli ultimi anni,"Si sono verificati incidenti con feriti gravi o vittime negli ultimi anni, confermando la pericolosità dei tratti interessati e l'urgenza dell'intervento"
FAB-20,Sicurezza e qualità della rete stradale locale,DC-SZ-020-02,2,Si sono verificati incidenti gravi o reclami ricorrenti su queste strade?,radio,sinistri_frequenti,Sì — sinistri frequenti con danni patrimoniali e richieste risarcimento,"I tratti stradali registrano sinistri frequenti con danni patrimoniali e richieste di risarcimento nei confronti dell'ente, generando un contenzioso rilevante"
FAB-20,Sicurezza e qualità della rete stradale locale,DC-SZ-020-02,2,Si sono verificati incidenti gravi o reclami ricorrenti su queste strade?,radio,reclami_cittadini,Segnalazioni e reclami ricorrenti dei cittadini,"I cittadini segnalano con frequenza le criticità della rete stradale, con richieste di intervento documentate attraverso i canali istituzionali dell'ente"
FAB-20,Sicurezza e qualità della rete stradale locale,DC-SZ-020-02,2,Si sono verificati incidenti gravi o reclami ricorrenti su queste strade?,radio,nessun_evento,No — ma le condizioni della strada espongono a rischi evidenti,"Non si sono verificati incidenti gravi recenti, tuttavia le condizioni della strada espongono a rischi evidenti che rendono l'intervento preventivo necessario"
FAB-20,Sicurezza e qualità della rete stradale locale,DC-SZ-020-03,3,La rete stradale è sottoposta a un piano di manutenzione programmata?,radio,piano_attivo,Sì — ma le risorse coprono solo la manutenzione ordinaria,"L'ente dispone di un piano di manutenzione stradale, ma le risorse disponibili consentono solo interventi ordinari di rattoppo, insufficienti a risolvere le criticità strutturali della pavimentazione e delle pertinenze stradali"
FAB-20,Sicurezza e qualità della rete stradale locale,DC-SZ-020-03,3,La rete stradale è sottoposta a un piano di manutenzione programmata?,radio,nessun_piano,No — la manutenzione è puramente reattiva,"Non esiste un piano di manutenzione programmata; gli interventi vengono realizzati solo in emergenza, con costi unitari più elevati e risultati meno duraturi"
FAB-20,Sicurezza e qualità della rete stradale locale,DC-SZ-020-03,3,La rete stradale è sottoposta a un piano di manutenzione programmata?,radio,arretrato,Il piano esiste ma l'arretrato manutentivo è ormai irrecuperabile,L'arretrato manutentivo accumulato negli anni ha raggiunto un livello tale da rendere la manutenzione ordinaria insufficiente; è necessario un intervento strutturale di rifacimento
FAB-21,Accessibilità stradale in aree rurali e montane,DC-SZ-021-01,1,Quale problema di accessibilità interessa le aree rurali o montane del territorio?,radio,isolamento,Frazioni o nuclei abitati raggiungibili da un'unica strada in cattive condizioni,"Frazioni o nuclei abitati del territorio sono raggiungibili da un'unica strada di collegamento in condizioni precarie, con rischio di isolamento in caso di evento meteorologico o frana"
FAB-21,Accessibilità stradale in aree rurali e montane,DC-SZ-021-01,1,Quale problema di accessibilità interessa le aree rurali o montane del territorio?,radio,strade_sterrate,Strade comunali sterrate o non pavimentate,"L'accesso ad alcune aree del territorio avviene attraverso strade comunali sterrate o non pavimentate, impraticabili nei mesi invernali o dopo precipitazioni intense"
FAB-21,Accessibilità stradale in aree rurali e montane,DC-SZ-021-01,1,Quale problema di accessibilità interessa le aree rurali o montane del territorio?,radio,carico_limitato,Strade con limitazioni di carico che impediscono i mezzi pesanti,"Le strade di accesso presentano limitazioni di carico (ponti, sottopassi) che impediscono il transito di mezzi pesanti, penalizzando le attività produttive e i servizi di emergenza"
FAB-21,Accessibilità stradale in aree rurali e montane,DC-SZ-021-02,2,L'isolamento stradale sta producendo effetti sullo spopolamento e sui servizi?,checkbox,spopolamento,Residenti che abbandonano le frazioni per difficoltà di accesso,residenti che abbandonano le frazioni isolate a causa delle difficoltà di accesso ai servizi essenziali
FAB-21,Accessibilità stradale in aree rurali e montane,DC-SZ-021-02,2,L'isolamento stradale sta producendo effetti sullo spopolamento e sui servizi?,checkbox,servizi_emergenza,Tempi di soccorso eccessivi per mezzi di emergenza,"tempi di soccorso eccessivi per i mezzi di emergenza (ambulanza, vigili del fuoco), con rischio per l'incolumità dei residenti"
FAB-21,Accessibilità stradale in aree rurali e montane,DC-SZ-021-02,2,L'isolamento stradale sta producendo effetti sullo spopolamento e sui servizi?,checkbox,attivita_agricole,Difficoltà di accesso ai fondi agricoli per i mezzi meccanici,"difficoltà di accesso ai fondi agricoli per i mezzi meccanici, con penalizzazione delle attività produttive rurali"
FAB-21,Accessibilità stradale in aree rurali e montane,DC-SZ-021-02,2,L'isolamento stradale sta producendo effetti sullo spopolamento e sui servizi?,checkbox,scuolabus,Percorsi scolastici e trasporto pubblico impossibili,impossibilità di attivare servizi di trasporto scolastico o linee di trasporto pubblico per l'inadeguatezza della viabilità
FAB-22,Accessibilità stradale sovralocale,DC-SZ-022-01,1,Qual è il problema di accessibilità sovralocale del territorio?,radio,collegamento_assente,Manca un collegamento diretto con la viabilità principale,"Il territorio è privo di un collegamento stradale diretto con la viabilità principale (statale, provinciale, autostradale), con tempi di percorrenza elevati che penalizzano residenti e imprese"
FAB-22,Accessibilità stradale sovralocale,DC-SZ-022-01,1,Qual è il problema di accessibilità sovralocale del territorio?,radio,tratta_congestionata,L'unico collegamento è congestionato e insicuro,"L'unico collegamento con la rete sovralocale attraversa centri abitati ed è congestionato nelle ore di punta, con problemi di sicurezza e inquinamento"
FAB-22,Accessibilità stradale sovralocale,DC-SZ-022-01,1,Qual è il problema di accessibilità sovralocale del territorio?,radio,infrastruttura_degradata,"L'infrastruttura di collegamento è degradata (ponti, gallerie)","L'infrastruttura di collegamento sovralocale presenta elementi degradati (ponti con limitazioni di carico, gallerie non a norma) che ne riducono la capacità e la sicurezza"
FAB-22,Accessibilità stradale sovralocale,DC-SZ-022-02,2,L'inadeguatezza del collegamento sovralocale sta producendo effetti economici?,radio,freno_sviluppo,Sì — frena insediamento imprese e turismo,"L'inadeguatezza del collegamento sovralocale frena l'insediamento di nuove imprese e lo sviluppo del turismo, con il territorio percepito come periferico e mal collegato"
FAB-22,Accessibilità stradale sovralocale,DC-SZ-022-02,2,L'inadeguatezza del collegamento sovralocale sta producendo effetti economici?,radio,costi_logistici,Sì — aumenta i costi logistici per le imprese locali,"Le imprese locali sostengono costi logistici maggiori per raggiungere i mercati di sbocco, con perdita di competitività rispetto ai territori meglio collegati"
FAB-22,Accessibilità stradale sovralocale,DC-SZ-022-02,2,L'inadeguatezza del collegamento sovralocale sta producendo effetti economici?,radio,pendolarismo,Sì — pendolari con tempi di percorrenza insostenibili,"I pendolari residenti nel territorio sopportano tempi di percorrenza insostenibili per raggiungere i poli lavorativi, con impatto sulla qualità della vita e sui costi familiari"
FAB-23,"Mobilità ciclabile, pedonale e micro-mobilità sostenibile",DC-SZ-023-01,1,Qual è la situazione della mobilità ciclabile e pedonale nel territorio?,radio,assente,Non esistono piste ciclabili né percorsi pedonali protetti,"Il territorio è privo di infrastrutture dedicate alla mobilità ciclabile e pedonale; chi si sposta a piedi o in bicicletta condivide la carreggiata con il traffico motorizzato, in condizioni di scarsa sicurezza"
FAB-23,"Mobilità ciclabile, pedonale e micro-mobilità sostenibile",DC-SZ-023-01,1,Qual è la situazione della mobilità ciclabile e pedonale nel territorio?,radio,frammentata,Rete ciclabile frammentata — tratti isolati senza continuità,"Esistono tratti di pista ciclabile isolati, ma la rete è frammentata e priva di continuità, rendendo impraticabile l'uso sistematico della bicicletta per gli spostamenti quotidiani"
FAB-23,"Mobilità ciclabile, pedonale e micro-mobilità sostenibile",DC-SZ-023-01,1,Qual è la situazione della mobilità ciclabile e pedonale nel territorio?,radio,inadeguata,"Infrastrutture esistenti ma inadeguate (larghezza, sicurezza)","Le infrastrutture ciclopedonali esistenti sono inadeguate per larghezza, sicurezza degli attraversamenti e separazione dal traffico motorizzato"
FAB-23,"Mobilità ciclabile, pedonale e micro-mobilità sostenibile",DC-SZ-023-02,2,Esiste una domanda di mobilità ciclabile e pedonale non soddisfatta?,checkbox,spostamenti_casa_scuola,Percorsi casa-scuola insicuri per bambini e ragazzi,i percorsi casa-scuola non sono sicuri per bambini e ragazzi che si spostano a piedi o in bicicletta
FAB-23,"Mobilità ciclabile, pedonale e micro-mobilità sostenibile",DC-SZ-023-02,2,Esiste una domanda di mobilità ciclabile e pedonale non soddisfatta?,checkbox,spostamenti_quotidiani,Domanda di spostamenti quotidiani in bicicletta (casa-lavoro),esiste una domanda di spostamenti sistematici casa-lavoro in bicicletta che non trova risposta nella rete attuale
FAB-23,"Mobilità ciclabile, pedonale e micro-mobilità sostenibile",DC-SZ-023-02,2,Esiste una domanda di mobilità ciclabile e pedonale non soddisfatta?,checkbox,turismo_lento,Potenziale di cicloturismo e turismo lento inespresso,il territorio ha un potenziale significativo di cicloturismo e turismo lento che resta inespresso per carenza di infrastrutture
FAB-23,"Mobilità ciclabile, pedonale e micro-mobilità sostenibile",DC-SZ-023-02,2,Esiste una domanda di mobilità ciclabile e pedonale non soddisfatta?,checkbox,accessibilita_disabili,Percorsi pedonali non accessibili a persone con mobilità ridotta,"i percorsi pedonali esistenti non sono accessibili a persone con mobilità ridotta, in contrasto con i principi di accessibilità universale"
FAB-24,Accessibilità e mobilità in contesti specifici,DC-SZ-024-01,1,Quale contesto specifico presenta il problema di accessibilità?,radio,montano,Area montana con dislivelli che richiedono impianti di risalita,L'area montana del territorio presenta dislivelli che rendono necessari impianti di risalita o sistemi meccanizzati per garantire l'accessibilità delle frazioni e dei servizi
FAB-24,Accessibilità e mobilità in contesti specifici,DC-SZ-024-01,1,Quale contesto specifico presenta il problema di accessibilità?,radio,insulare,Area insulare o separata da un corpo idrico,"L'area è insulare o separata dal territorio principale da un corpo idrico, con accessibilità dipendente da servizi di collegamento marittimi o fluviali"
FAB-24,Accessibilità e mobilità in contesti specifici,DC-SZ-024-01,1,Quale contesto specifico presenta il problema di accessibilità?,radio,turistico,Sito turistico o produttivo raggiungibile solo con mezzi speciali,"Il sito di interesse turistico o produttivo è raggiungibile solo con mezzi speciali, limitando la fruizione e lo sviluppo economico dell'area"
FAB-24,Accessibilità e mobilità in contesti specifici,DC-SZ-024-01,1,Quale contesto specifico presenta il problema di accessibilità?,radio,pendenza,Centro urbano in pendenza che richiede sistemi di mobilità verticale,"Il centro urbano si sviluppa su un pendio che rende necessari sistemi di mobilità verticale (ascensori, scale mobili, funicolari) per garantire l'accessibilità a tutti i cittadini"
FAB-24,Accessibilità e mobilità in contesti specifici,DC-SZ-024-02,2,L'inadeguatezza del sistema di accesso produce attualmente disagi?,radio,isolamento_stagionale,Sì — l'area diventa inaccessibile in alcune stagioni,"L'area diventa inaccessibile o raggiungibile con estrema difficoltà in alcune stagioni (inverno, maltempo), isolando residenti e attività"
FAB-24,Accessibilità e mobilità in contesti specifici,DC-SZ-024-02,2,L'inadeguatezza del sistema di accesso produce attualmente disagi?,radio,esclusione,Sì — persone con mobilità ridotta non possono accedere,"Le persone con mobilità ridotta, gli anziani e le famiglie con bambini piccoli non possono accedere all'area, con violazione del principio di accessibilità universale"
FAB-24,Accessibilità e mobilità in contesti specifici,DC-SZ-024-02,2,L'inadeguatezza del sistema di accesso produce attualmente disagi?,radio,limitazione_economica,Sì — la fruizione turistica ed economica è limitata,"La difficoltà di accesso limita la fruizione turistica e lo sviluppo economico dell'area, con un potenziale inespresso"
FAB-25,Trasporto pubblico locale e accessibilità urbana,DC-SZ-025-01,1,Qual è la principale criticità del trasporto pubblico locale nel territorio?,radio,servizio_assente,Servizio di TPL assente o con frequenze irrisorie,Il servizio di trasporto pubblico locale è assente o erogato con frequenze talmente basse da risultare inutilizzabile per gli spostamenti quotidiani
FAB-25,Trasporto pubblico locale e accessibilità urbana,DC-SZ-025-01,1,Qual è la principale criticità del trasporto pubblico locale nel territorio?,radio,copertura_parziale,Quartieri o frazioni non servite dal TPL,"Interi quartieri o frazioni del territorio non sono serviti da alcuna linea di trasporto pubblico, costringendo i residenti alla dipendenza dal mezzo privato"
FAB-25,Trasporto pubblico locale e accessibilità urbana,DC-SZ-025-01,1,Qual è la principale criticità del trasporto pubblico locale nel territorio?,radio,infrastrutture_carenti,"Fermate, pensiline e nodi di scambio inadeguati","Le infrastrutture di supporto al TPL (fermate, pensiline, nodi di interscambio, parcheggi) sono inadeguate o assenti, scoraggiando l'utilizzo del servizio"
FAB-25,Trasporto pubblico locale e accessibilità urbana,DC-SZ-025-01,1,Qual è la principale criticità del trasporto pubblico locale nel territorio?,radio,intermodalita,"Assenza di intermodalità (treno-bus, bus-bici, parcheggi scambio)","Manca un sistema di intermodalità che integri i diversi modi di trasporto, con assenza di parcheggi di scambio e di connessioni tra la stazione ferroviaria e la rete urbana"
FAB-25,Trasporto pubblico locale e accessibilità urbana,DC-SZ-025-02,2,Quali conseguenze produce l'inadeguatezza del TPL sulla mobilità locale?,checkbox,congestione,Congestione del traffico nelle ore di punta,"congestione del traffico veicolare privato nelle ore di punta, con tempi di percorrenza e inquinamento crescenti"
FAB-25,Trasporto pubblico locale e accessibilità urbana,DC-SZ-025-02,2,Quali conseguenze produce l'inadeguatezza del TPL sulla mobilità locale?,checkbox,esclusione_mobilita,"Categorie senza alternativa al mezzo privato (anziani, giovani, disabili)","esclusione dalla mobilità di categorie di cittadini privi di mezzo privato (anziani, giovani non motorizzati, persone con disabilità)"
FAB-25,Trasporto pubblico locale e accessibilità urbana,DC-SZ-025-02,2,Quali conseguenze produce l'inadeguatezza del TPL sulla mobilità locale?,checkbox,inquinamento,Inquinamento atmosferico e acustico da traffico veicolare,livelli di inquinamento atmosferico e acustico elevati dovuti all'eccesso di traffico motorizzato privato
FAB-25,Trasporto pubblico locale e accessibilità urbana,DC-SZ-025-02,2,Quali conseguenze produce l'inadeguatezza del TPL sulla mobilità locale?,checkbox,costo_famiglie,Costo elevato della mobilità per le famiglie,"un costo elevato della mobilità per le famiglie, costrette a possedere più veicoli privati per mancanza di alternative"
FAB-26,Infrastrutture di trasporto aereo,DC-SZ-026-01,1,Qual è la situazione dell'infrastruttura aeroportuale?,radio,sottodotato,Aeroporto minore o aviosuperficie con dotazioni insufficienti,"L'aeroporto minore o l'aviosuperficie del territorio presenta dotazioni infrastrutturali insufficienti (pista, aerostazione, servizi) rispetto alla domanda di traffico attuale e potenziale"
FAB-26,Infrastrutture di trasporto aereo,DC-SZ-026-01,1,Qual è la situazione dell'infrastruttura aeroportuale?,radio,adeguamento_normativo,Necessità di adeguamento a nuove normative di sicurezza ENAC,"L'infrastruttura aeroportuale necessita di adeguamento alle normative di sicurezza ENAC vigenti, senza il quale rischia la riduzione o la sospensione dell'operatività"
FAB-26,Infrastrutture di trasporto aereo,DC-SZ-026-01,1,Qual è la situazione dell'infrastruttura aeroportuale?,radio,accessibilita_terrestre,Infrastruttura aeroportuale adeguata ma mal collegata via terra,"L'infrastruttura aeroportuale è adeguata sotto il profilo aeronautico, ma è mal collegata via terra con il territorio servito, limitandone l'attrattività e l'utilizzo"
FAB-26,Infrastrutture di trasporto aereo,DC-SZ-026-02,2,L'inadeguatezza dell'infrastruttura aerea incide sull'economia del territorio?,radio,turismo,Sì — limita l'arrivo di turisti e visitatori,"L'inadeguatezza dell'infrastruttura aeroportuale limita l'arrivo di turisti e visitatori, con un potenziale di domanda che non trova risposta nell'offerta di collegamento aereo"
FAB-26,Infrastrutture di trasporto aereo,DC-SZ-026-02,2,L'inadeguatezza dell'infrastruttura aerea incide sull'economia del territorio?,radio,imprese,Sì — penalizza le imprese che necessitano di collegamenti rapidi,Le imprese del territorio sono penalizzate dalla mancanza di collegamenti aerei rapidi per raggiungere mercati e partner commerciali
FAB-26,Infrastrutture di trasporto aereo,DC-SZ-026-02,2,L'inadeguatezza dell'infrastruttura aerea incide sull'economia del territorio?,radio,impatto_limitato,Impatto limitato — il territorio ha alternative di collegamento,"L'impatto economico è contenuto grazie alla disponibilità di alternative di collegamento (stradale, ferroviario), ma l'adeguamento dell'infrastruttura aerea rappresenterebbe un valore aggiunto per il territorio"
FAB-27,Accessibilità ferroviaria e intermodalità,DC-SZ-027-01,1,Qual è la criticità principale dell'infrastruttura ferroviaria nel territorio?,radio,stazione_degradata,Stazione ferroviaria degradata e non accessibile,"La stazione ferroviaria del territorio è in stato di degrado, priva di accessibilità universale e con servizi ai viaggiatori inadeguati, scoraggiando l'utilizzo del trasporto ferroviario"
FAB-27,Accessibilità ferroviaria e intermodalità,DC-SZ-027-01,1,Qual è la criticità principale dell'infrastruttura ferroviaria nel territorio?,radio,collegamento_assente,Il territorio non ha una stazione o è lontano dalla ferrovia,Il territorio non dispone di una stazione ferroviaria o la più vicina dista troppo dal centro abitato per rappresentare un'opzione di mobilità praticabile
FAB-27,Accessibilità ferroviaria e intermodalità,DC-SZ-027-01,1,Qual è la criticità principale dell'infrastruttura ferroviaria nel territorio?,radio,intermodalita_assente,Stazione presente ma senza interscambio con altri modi di trasporto,"La stazione ferroviaria è presente ma priva di parcheggio di scambio, collegamento con il TPL e servizi di bike-sharing, rendendo difficoltoso il primo e l'ultimo miglio dello spostamento"
FAB-27,Accessibilità ferroviaria e intermodalità,DC-SZ-027-01,1,Qual è la criticità principale dell'infrastruttura ferroviaria nel territorio?,radio,linea_da_potenziare,"Linea ferroviaria da potenziare (binario unico, frequenze basse)","La linea ferroviaria che serve il territorio è a binario unico con frequenze basse e tempi di percorrenza elevati, limitando drasticamente l'attrattività del servizio"
FAB-27,Accessibilità ferroviaria e intermodalità,DC-SZ-027-02,2,Quale domanda di mobilità ferroviaria è attualmente insoddisfatta?,checkbox,pendolari,Pendolari verso poli lavorativi,"una domanda di mobilità pendolare verso i poli lavorativi limitrofi, attualmente soddisfatta quasi esclusivamente dal mezzo privato"
FAB-27,Accessibilità ferroviaria e intermodalità,DC-SZ-027-02,2,Quale domanda di mobilità ferroviaria è attualmente insoddisfatta?,checkbox,studenti,Studenti verso sedi universitarie o scolastiche,"una domanda di mobilità studentesca verso sedi universitarie o scolastiche superiori, penalizzata dalla scarsa qualità del servizio ferroviario"
FAB-27,Accessibilità ferroviaria e intermodalità,DC-SZ-027-02,2,Quale domanda di mobilità ferroviaria è attualmente insoddisfatta?,checkbox,turismo,Turisti che raggiungono il territorio,una domanda turistica che beneficerebbe di un collegamento ferroviario efficiente per raggiungere il territorio senza mezzo privato
FAB-27,Accessibilità ferroviaria e intermodalità,DC-SZ-027-02,2,Quale domanda di mobilità ferroviaria è attualmente insoddisfatta?,checkbox,merci,Logistica merci che potrebbe spostarsi dalla gomma al ferro,flussi logistici attualmente su gomma che potrebbero essere dirottati su ferro con benefici ambientali e di sicurezza stradale
FAB-28,"Infrastrutture portuali, marittime e fluviali",DC-SZ-028-01,1,Qual è la criticità dell'infrastruttura portuale o delle vie d'acqua?,radio,porto_inadeguato,Porto sottodimensionato o con fondali insufficienti,"L'infrastruttura portuale è sottodimensionata o presenta fondali insufficienti per accogliere il naviglio attuale, con necessità di adeguamento strutturale"
FAB-28,"Infrastrutture portuali, marittime e fluviali",DC-SZ-028-01,1,Qual è la criticità dell'infrastruttura portuale o delle vie d'acqua?,radio,sicurezza_portuale,"Opere di difesa portuale (dighe, moli) deteriorate","Le opere di difesa portuale (dighe foranee, moli) sono in stato di deterioramento, compromettendo la sicurezza degli ormeggi e l'operatività in condizioni meteo avverse"
FAB-28,"Infrastrutture portuali, marittime e fluviali",DC-SZ-028-01,1,Qual è la criticità dell'infrastruttura portuale o delle vie d'acqua?,radio,servizi_assenti,"Servizi portuali assenti (rifornimento, scarico, logistica)","I servizi portuali essenziali (rifornimento, scarico e carico, logistica, servizi igienici) sono assenti o gravemente carenti"
FAB-28,"Infrastrutture portuali, marittime e fluviali",DC-SZ-028-01,1,Qual è la criticità dell'infrastruttura portuale o delle vie d'acqua?,radio,idrovia,Via d'acqua navigabile non manutenuta o non attrezzata,"La via d'acqua navigabile presenta problemi di manutenzione (insabbiamento, vegetazione) o carenza di infrastrutture (conche, banchine) che ne impediscono l'utilizzo"
FAB-28,"Infrastrutture portuali, marittime e fluviali",DC-SZ-028-02,2,Quali attività economiche dipendono dall'infrastruttura portuale?,checkbox,pesca,Flotta peschereccia locale,"la flotta peschereccia locale, che dipende dall'infrastruttura portuale per l'ormeggio, lo sbarco del pescato e i servizi di rifornimento"
FAB-28,"Infrastrutture portuali, marittime e fluviali",DC-SZ-028-02,2,Quali attività economiche dipendono dall'infrastruttura portuale?,checkbox,nautica_turismo,Nautica da diporto e turismo nautico,"il settore della nautica da diporto e del turismo nautico, con domanda di posti barca e servizi non soddisfatta dall'offerta attuale"
FAB-28,"Infrastrutture portuali, marittime e fluviali",DC-SZ-028-02,2,Quali attività economiche dipendono dall'infrastruttura portuale?,checkbox,trasporto_passeggeri,Trasporto passeggeri (collegamenti con isole o località costiere),"il trasporto marittimo di passeggeri per collegamenti con isole o località costiere, con un servizio limitato dall'inadeguatezza delle infrastrutture di imbarco"
FAB-28,"Infrastrutture portuali, marittime e fluviali",DC-SZ-028-02,2,Quali attività economiche dipendono dall'infrastruttura portuale?,checkbox,commerciale,Traffico commerciale e logistica via mare,"il traffico commerciale e la logistica marittima, con volumi frenati dalla limitata capacità dell'infrastruttura portuale"
FAB-29,Logistica e infrastrutture per le merci,DC-SZ-029-01,1,Qual è il problema logistico principale del territorio?,radio,assenza_piattaforma,Assenza di piattaforme logistiche — le merci transitano senza servizi,"Il territorio è privo di piattaforme logistiche organizzate; le merci transitano senza servizi di consolidamento, stoccaggio o interscambio modale, con inefficienze e costi elevati per le imprese"
FAB-29,Logistica e infrastrutture per le merci,DC-SZ-029-01,1,Qual è il problema logistico principale del territorio?,radio,intermodale_assente,Nessuna connessione intermodale gomma-ferro o gomma-mare,"Non esiste una connessione intermodale tra il trasporto su gomma e quello ferroviario o marittimo, costringendo la totalità dei flussi di merci sulla rete stradale"
FAB-29,Logistica e infrastrutture per le merci,DC-SZ-029-01,1,Qual è il problema logistico principale del territorio?,radio,ultimo_miglio,"Criticità nell'ultimo miglio della distribuzione (centri urbani, aree produttive)",La distribuzione dell'ultimo miglio è critica per la congestione dei centri urbani o per l'inadeguatezza della viabilità di accesso alle aree produttive
FAB-29,Logistica e infrastrutture per le merci,DC-SZ-029-02,2,L'inefficienza logistica produce effetti economici o ambientali documentabili?,checkbox,costi_trasporto,Costi di trasporto superiori alla media per le imprese locali,"costi di trasporto superiori alla media per le imprese locali, con perdita di competitività sui mercati nazionali e internazionali"
FAB-29,Logistica e infrastrutture per le merci,DC-SZ-029-02,2,L'inefficienza logistica produce effetti economici o ambientali documentabili?,checkbox,traffico_pesante,Traffico pesante che attraversa centri abitati,"flussi di traffico pesante che attraversano centri abitati, con impatti su sicurezza stradale, rumore e inquinamento"
FAB-29,Logistica e infrastrutture per le merci,DC-SZ-029-02,2,L'inefficienza logistica produce effetti economici o ambientali documentabili?,checkbox,tempi_consegna,Tempi di consegna più lunghi che penalizzano la competitività,"tempi di consegna più lunghi rispetto ai territori meglio infrastrutturati, che penalizzano la competitività delle imprese locali"
FAB-30,Accessibilità e fruizione del demanio marittimo e lacustre,DC-SZ-030-01,1,Qual è il problema di fruizione del demanio marittimo o lacustre?,radio,accesso_limitato,Accesso pubblico al mare o al lago limitato da ostacoli fisici,"L'accesso pubblico al demanio marittimo o lacustre è limitato da ostacoli fisici (erosione, recinzioni, mancanza di percorsi), privando la comunità della fruizione della risorsa costiera"
FAB-30,Accessibilità e fruizione del demanio marittimo e lacustre,DC-SZ-030-01,1,Qual è il problema di fruizione del demanio marittimo o lacustre?,radio,strutture_degradate,Strutture di fruizione costiera degradate o non sicure,"Le strutture di fruizione costiera (passerelle, scogliere, punti di accesso) sono in stato di degrado o non conformi agli standard di sicurezza"
FAB-30,Accessibilità e fruizione del demanio marittimo e lacustre,DC-SZ-030-01,1,Qual è il problema di fruizione del demanio marittimo o lacustre?,radio,erosione_costiera,Erosione costiera che sta riducendo la spiaggia pubblica,L'avanzamento dell'erosione costiera sta riducendo progressivamente la superficie di spiaggia libera disponibile per la fruizione pubblica
FAB-30,Accessibilità e fruizione del demanio marittimo e lacustre,DC-SZ-030-01,1,Qual è il problema di fruizione del demanio marittimo o lacustre?,radio,conflitto_usi,"Conflitto tra usi (balneazione, pesca, nautica, concessioni)","L'area demaniale è interessata da conflitti tra usi diversi (balneazione, pesca, nautica da diporto, concessioni) che ne compromettono la gestione ordinata e la fruizione pubblica"
FAB-30,Accessibilità e fruizione del demanio marittimo e lacustre,DC-SZ-030-02,2,La situazione ha rilevanza economica per il territorio?,radio,turismo_balneare,Sì — il turismo balneare o lacustre è una risorsa economica primaria,Il turismo balneare o lacustre rappresenta una risorsa economica primaria per il territorio; l'inadeguatezza delle infrastrutture di fruizione ne limita lo sviluppo e la competitività rispetto alle destinazioni concorrenti
FAB-30,Accessibilità e fruizione del demanio marittimo e lacustre,DC-SZ-030-02,2,La situazione ha rilevanza economica per il territorio?,radio,qualita_vita,Non direttamente economica — ma la fruizione incide sulla qualità della vita,"La rilevanza è prevalentemente legata alla qualità della vita dei residenti, per i quali la fruizione del demanio marittimo o lacustre è un elemento identitario e di benessere"
FAB-30,Accessibilità e fruizione del demanio marittimo e lacustre,DC-SZ-030-02,2,La situazione ha rilevanza economica per il territorio?,radio,pesca_locale,Sì — l'inadeguatezza delle strutture penalizza la pesca locale,"L'inadeguatezza delle infrastrutture costiere penalizza l'attività di pesca locale, con difficoltà di attracco, sbarco e conservazione del pescato"
FAB-31,Conservazione e valorizzazione del patrimonio culturale,DC-SZ-031-01,1,Quale tipo di bene culturale necessita di intervento?,radio,monumento,"Monumento, palazzo storico o edificio vincolato","Il bene oggetto dell'intervento è un monumento, palazzo storico o edificio sottoposto a vincolo di tutela"
FAB-31,Conservazione e valorizzazione del patrimonio culturale,DC-SZ-031-01,1,Quale tipo di bene culturale necessita di intervento?,radio,area_archeologica,Area archeologica o sito storico,L'intervento riguarda un'area archeologica o un sito di interesse storico del territorio
FAB-31,Conservazione e valorizzazione del patrimonio culturale,DC-SZ-031-01,1,Quale tipo di bene culturale necessita di intervento?,radio,museo_biblioteca,"Museo, biblioteca, archivio storico","L'intervento riguarda un museo, una biblioteca o un archivio storico che custodisce il patrimonio documentario della comunità"
FAB-31,Conservazione e valorizzazione del patrimonio culturale,DC-SZ-031-01,1,Quale tipo di bene culturale necessita di intervento?,radio,patrimonio_rurale,"Patrimonio rurale, religioso o minore diffuso","L'intervento riguarda il patrimonio culturale minore diffuso del territorio (chiese rurali, fontane, mulini, architettura tradizionale)"
FAB-31,Conservazione e valorizzazione del patrimonio culturale,DC-SZ-031-02,2,Qual è lo stato di conservazione del bene?,radio,rischio_perdita,A rischio di perdita — degrado strutturale grave,"Il bene è a rischio di perdita irreversibile per degrado strutturale grave, con elementi portanti compromessi e pericolo di crollo parziale"
FAB-31,Conservazione e valorizzazione del patrimonio culturale,DC-SZ-031-02,2,Qual è lo stato di conservazione del bene?,radio,deterioramento,Deterioramento avanzato — fruizione compromessa,Il bene presenta un deterioramento avanzato che ne compromette la fruizione e accelera il processo di degrado se non si interviene
FAB-31,Conservazione e valorizzazione del patrimonio culturale,DC-SZ-031-02,2,Qual è lo stato di conservazione del bene?,radio,manutenzione_carente,Conservazione discreta ma manutenzione insufficiente,"Lo stato di conservazione è ancora discreto, ma l'insufficienza della manutenzione ordinaria sta producendo un lento ma costante deterioramento"
FAB-31,Conservazione e valorizzazione del patrimonio culturale,DC-SZ-031-02,2,Qual è lo stato di conservazione del bene?,radio,restaurato_non_fruibile,Restaurato ma non fruibile — mancano allestimenti e servizi,"Il bene è stato restaurato strutturalmente ma non è fruibile dal pubblico per mancanza di allestimenti, impianti e servizi di accoglienza"
FAB-31,Conservazione e valorizzazione del patrimonio culturale,DC-SZ-031-03,3,Il bene è soggetto a vincoli o prescrizioni della Soprintendenza?,radio,vincolo_prescrizioni,Sì — vincolato con prescrizioni specifiche per l'intervento,Il bene è sottoposto a vincolo di tutela con prescrizioni specifiche della Soprintendenza che definiscono le modalità e i limiti dell'intervento di conservazione
FAB-31,Conservazione e valorizzazione del patrimonio culturale,DC-SZ-031-03,3,Il bene è soggetto a vincoli o prescrizioni della Soprintendenza?,radio,vincolo_generico,Sì — vincolo generico senza prescrizioni di dettaglio,"Il bene è vincolato ai sensi del Codice dei Beni Culturali, con necessità di autorizzazione della Soprintendenza per qualsiasi intervento"
FAB-31,Conservazione e valorizzazione del patrimonio culturale,DC-SZ-031-03,3,Il bene è soggetto a vincoli o prescrizioni della Soprintendenza?,radio,nessun_vincolo,No — bene di interesse culturale locale non vincolato formalmente,"Il bene, pur avendo interesse culturale riconosciuto dalla comunità locale, non è formalmente vincolato ai sensi del Codice dei Beni Culturali"
FAB-32,Accesso alla cultura e all'offerta culturale per la comunità,DC-SZ-032-01,1,Qual è la principale carenza nell'offerta culturale del territorio?,radio,strutture_assenti,"Assenza di strutture culturali (biblioteche, centri culturali, sale eventi)","Il territorio è privo di strutture culturali dedicate; non sono disponibili biblioteche pubbliche, centri culturali o sale per eventi e spettacoli"
FAB-32,Accesso alla cultura e all'offerta culturale per la comunità,DC-SZ-032-01,1,Qual è la principale carenza nell'offerta culturale del territorio?,radio,strutture_inadeguate,Strutture esistenti ma inadeguate o sottoutilizzate,"Le strutture culturali esistenti sono inadeguate (spazi angusti, impianti obsoleti, accessibilità limitata) o sottoutilizzate per carenza di programmazione e risorse"
FAB-32,Accesso alla cultura e all'offerta culturale per la comunità,DC-SZ-032-01,1,Qual è la principale carenza nell'offerta culturale del territorio?,radio,concentrazione,Offerta culturale concentrata nel capoluogo — periferie escluse,"L'offerta culturale è concentrata nel capoluogo o nel centro urbano principale, lasciando le frazioni e le aree periferiche prive di opportunità di partecipazione"
FAB-32,Accesso alla cultura e all'offerta culturale per la comunità,DC-SZ-032-02,2,Quali categorie della popolazione sono più penalizzate dalla carenza di offerta culturale?,checkbox,giovani,Giovani — pochi spazi di espressione e aggregazione culturale,"i giovani del territorio, che non trovano spazi di espressione e aggregazione culturale e tendono a spostarsi verso centri maggiori"
FAB-32,Accesso alla cultura e all'offerta culturale per la comunità,DC-SZ-032-02,2,Quali categorie della popolazione sono più penalizzate dalla carenza di offerta culturale?,checkbox,anziani,Anziani — difficoltà di accesso a eventi e servizi culturali,"la popolazione anziana, che incontra difficoltà di accesso agli eventi e ai servizi culturali per problemi di mobilità e accessibilità delle strutture"
FAB-32,Accesso alla cultura e all'offerta culturale per la comunità,DC-SZ-032-02,2,Quali categorie della popolazione sono più penalizzate dalla carenza di offerta culturale?,checkbox,scuole,Istituti scolastici — carenza di spazi per attività extracurricolari,"gli istituti scolastici del territorio, che non dispongono di strutture esterne per attività educative extracurricolari e laboratoriali"
FAB-32,Accesso alla cultura e all'offerta culturale per la comunità,DC-SZ-032-02,2,Quali categorie della popolazione sono più penalizzate dalla carenza di offerta culturale?,checkbox,stranieri,Comunità straniere — barriere linguistiche e culturali,"le comunità straniere residenti, che incontrano barriere linguistiche e culturali nella fruizione dell'offerta disponibile"
FAB-33,Sviluppo dell'offerta e dell'attrattività turistica,DC-SZ-033-01,1,Qual è il principale ostacolo allo sviluppo turistico del territorio?,radio,ricettivita,Ricettività insufficiente o di bassa qualità,"L'offerta ricettiva del territorio è insufficiente o di qualità inadeguata rispetto alla domanda turistica potenziale, con strutture obsolete o assenti"
FAB-33,Sviluppo dell'offerta e dell'attrattività turistica,DC-SZ-033-01,1,Qual è il principale ostacolo allo sviluppo turistico del territorio?,radio,valorizzazione,Risorse turistiche presenti ma non valorizzate,"Il territorio possiede risorse turistiche significative (patrimonio culturale, naturale, enogastronomico) che non sono adeguatamente valorizzate, promosse e rese fruibili"
FAB-33,Sviluppo dell'offerta e dell'attrattività turistica,DC-SZ-033-01,1,Qual è il principale ostacolo allo sviluppo turistico del territorio?,radio,infrastrutture,Infrastrutture di accoglienza e servizio assenti,"Mancano le infrastrutture di accoglienza e servizio al turista (centri visita, segnaletica, servizi igienici, parcheggi) che rendano il territorio una destinazione organizzata"
FAB-33,Sviluppo dell'offerta e dell'attrattività turistica,DC-SZ-033-01,1,Qual è il principale ostacolo allo sviluppo turistico del territorio?,radio,stagionalita,Offerta concentrata in un'unica stagione — destagionalizzazione necessaria,"L'offerta turistica è fortemente concentrata in un'unica stagione, con le strutture che restano sottoutilizzate nel resto dell'anno e una pressione eccessiva nei mesi di punta"
FAB-33,Sviluppo dell'offerta e dell'attrattività turistica,DC-SZ-033-02,2,Quale tipo di turismo si intende sviluppare o potenziare?,checkbox,culturale,Turismo culturale e storico-archeologico,"il turismo culturale e storico-archeologico, valorizzando il patrimonio monumentale e le tradizioni del territorio"
FAB-33,Sviluppo dell'offerta e dell'attrattività turistica,DC-SZ-033-02,2,Quale tipo di turismo si intende sviluppare o potenziare?,checkbox,naturalistico,"Turismo naturalistico, escursionistico e outdoor","il turismo naturalistico ed escursionistico, sfruttando il patrimonio ambientale e paesaggistico del territorio"
FAB-33,Sviluppo dell'offerta e dell'attrattività turistica,DC-SZ-033-02,2,Quale tipo di turismo si intende sviluppare o potenziare?,checkbox,enogastronomico,Turismo enogastronomico e rurale,"il turismo enogastronomico e rurale, promuovendo le eccellenze agroalimentari e le tradizioni contadine locali"
FAB-33,Sviluppo dell'offerta e dell'attrattività turistica,DC-SZ-033-02,2,Quale tipo di turismo si intende sviluppare o potenziare?,checkbox,balneare_lacustre,Turismo balneare o lacustre,"il turismo balneare o lacustre, migliorando le infrastrutture di accesso e fruizione della risorsa costiera"
FAB-34,Sviluppo e infrastrutturazione di aree produttive,DC-SZ-034-01,1,Qual è la criticità principale dell'area produttiva?,radio,non_infrastrutturata,Area destinata a uso produttivo ma non ancora infrastrutturata,"L'area destinata dal piano urbanistico a uso produttivo non è ancora dotata delle infrastrutture necessarie (strade, reti, urbanizzazioni) per accogliere insediamenti"
FAB-34,Sviluppo e infrastrutturazione di aree produttive,DC-SZ-034-01,1,Qual è la criticità principale dell'area produttiva?,radio,infrastrutture_vetuste,Area produttiva esistente con infrastrutture vetuste o insufficienti,"L'area produttiva esistente presenta infrastrutture vetuste o sottodimensionate (viabilità, reti, illuminazione) che ne limitano la funzionalità e l'attrattività"
FAB-34,Sviluppo e infrastrutturazione di aree produttive,DC-SZ-034-01,1,Qual è la criticità principale dell'area produttiva?,radio,lotti_saturi,Nessun lotto disponibile — necessità di ampliamento,I lotti disponibili nell'area produttiva sono esauriti; la domanda di insediamento delle imprese non trova risposta e richiede l'ampliamento o la realizzazione di nuove aree
FAB-34,Sviluppo e infrastrutturazione di aree produttive,DC-SZ-034-02,2,L'inadeguatezza dell'area produttiva sta incidendo sull'economia locale?,checkbox,imprese_emigrano,Imprese che si trasferiscono in comuni limitrofi meglio dotati,imprese che hanno scelto di trasferirsi in comuni limitrofi dotati di aree produttive più funzionali
FAB-34,Sviluppo e infrastrutturazione di aree produttive,DC-SZ-034-02,2,L'inadeguatezza dell'area produttiva sta incidendo sull'economia locale?,checkbox,investimenti_bloccati,Investimenti bloccati per carenza di spazi adeguati,investimenti produttivi bloccati per l'indisponibilità di lotti o spazi con infrastrutture adeguate
FAB-34,Sviluppo e infrastrutturazione di aree produttive,DC-SZ-034-02,2,L'inadeguatezza dell'area produttiva sta incidendo sull'economia locale?,checkbox,servizi_carenti,"Servizi alle imprese carenti (fibra, trasporti, servizi comuni)","servizi essenziali per le imprese carenti nell'area (connettività in fibra, servizi di trasporto, strutture comuni)"
FAB-35,Sviluppo e modernizzazione delle filiere agricole e agroalimentari,DC-SZ-035-01,1,Qual è la criticità principale della filiera agricola e agroalimentare locale?,radio,strutture_obsolete,Strutture produttive e di trasformazione obsolete,"Le strutture produttive e di trasformazione agroalimentare del territorio sono obsolete, con impianti che non rispettano gli standard igienico-sanitari o non consentono economie di scala"
FAB-35,Sviluppo e modernizzazione delle filiere agricole e agroalimentari,DC-SZ-035-01,1,Qual è la criticità principale della filiera agricola e agroalimentare locale?,radio,filiera_corta_assente,Assenza di infrastrutture per la filiera corta e la vendita diretta,"Mancano infrastrutture per la filiera corta e la vendita diretta (mercati, spacci aziendali, piattaforme logistiche) che consentirebbero alle aziende di trattenere una quota maggiore di valore aggiunto"
FAB-35,Sviluppo e modernizzazione delle filiere agricole e agroalimentari,DC-SZ-035-01,1,Qual è la criticità principale della filiera agricola e agroalimentare locale?,radio,competitivita,Bassa competitività per carenza di meccanizzazione e innovazione,"Le aziende agricole del territorio soffrono di scarsa competitività per insufficiente meccanizzazione, assenza di innovazione tecnologica e dimensioni aziendali troppo ridotte"
FAB-35,Sviluppo e modernizzazione delle filiere agricole e agroalimentari,DC-SZ-035-02,2,L'intervento risponde a un'esigenza della filiera produttiva locale?,radio,filiera_organizzata,"Sì — è espressione di una filiera organizzata (consorzio, cooperativa, OP)","L'intervento è espressione di una filiera produttiva organizzata (consorzio, cooperativa, organizzazione di produttori) che ha individuato l'investimento come prioritario per la competitività collettiva"
FAB-35,Sviluppo e modernizzazione delle filiere agricole e agroalimentari,DC-SZ-035-02,2,L'intervento risponde a un'esigenza della filiera produttiva locale?,radio,aziende_singole,Risponde a un bisogno diffuso di aziende non ancora organizzate,"L'intervento risponde a un bisogno diffuso tra le aziende del territorio, che non sono ancora organizzate in filiera ma condividono le stesse criticità infrastrutturali"
FAB-35,Sviluppo e modernizzazione delle filiere agricole e agroalimentari,DC-SZ-035-02,2,L'intervento risponde a un'esigenza della filiera produttiva locale?,radio,pubblico,È un'infrastruttura pubblica a servizio del settore agricolo,"Si tratta di un'infrastruttura pubblica a servizio del settore agricolo del territorio, la cui realizzazione compete all'ente pubblico"
FAB-36,"Qualità, benessere e sostenibilità delle produzioni zootecniche",DC-SZ-036-01,1,Qual è la criticità degli allevamenti del territorio rispetto al benessere animale?,radio,standard_non_raggiunti,Strutture che non raggiungono gli standard UE di benessere animale,"Le strutture zootecniche del territorio non raggiungono gli standard europei di benessere animale, con rischio di sanzioni e impossibilità di accedere a marchi di qualità"
FAB-36,"Qualità, benessere e sostenibilità delle produzioni zootecniche",DC-SZ-036-01,1,Qual è la criticità degli allevamenti del territorio rispetto al benessere animale?,radio,adeguamento_obbligatorio,Obbligo normativo di adeguamento strutturale in scadenza,"Le aziende zootecniche sono soggette a obbligo normativo di adeguamento strutturale entro scadenze definite, senza il quale dovranno cessare l'attività"
FAB-36,"Qualità, benessere e sostenibilità delle produzioni zootecniche",DC-SZ-036-01,1,Qual è la criticità degli allevamenti del territorio rispetto al benessere animale?,radio,qualita_prodotto,La qualità delle strutture limita la qualità del prodotto,"Le condizioni strutturali degli allevamenti limitano la qualità delle produzioni, impedendo l'adesione a disciplinari di qualità e la valorizzazione del prodotto sul mercato"
FAB-37,Diversificazione economica e multifunzionalità delle imprese agricole,DC-SZ-037-01,1,Qual è l'esigenza di diversificazione delle imprese agricole del territorio?,radio,reddito_insufficiente,Reddito agricolo insufficiente — necessità di attività integrative,"Il reddito agricolo tradizionale è insufficiente a garantire la sostenibilità economica delle aziende, rendendo necessario lo sviluppo di attività integrative (agriturismo, trasformazione, servizi)"
FAB-37,Diversificazione economica e multifunzionalità delle imprese agricole,DC-SZ-037-01,1,Qual è l'esigenza di diversificazione delle imprese agricole del territorio?,radio,agriturismo,Potenziale agrituristico ed esperienziale da sviluppare,"Il territorio ha un potenziale agrituristico ed esperienziale significativo (fattorie didattiche, degustazioni, ospitalità rurale) non ancora sfruttato per carenza di strutture adeguate"
FAB-37,Diversificazione economica e multifunzionalità delle imprese agricole,DC-SZ-037-01,1,Qual è l'esigenza di diversificazione delle imprese agricole del territorio?,radio,energia,Possibilità di produzione energetica da sottoprodotti agricoli,"Le aziende agricole del territorio hanno la possibilità di produrre energia da sottoprodotti agricoli (biomasse, biogas) ma non dispongono degli impianti necessari"
FAB-38,Presidio e gestione sostenibile del territorio agro-forestale,DC-SZ-038-01,1,Qual è la principale criticità del presidio agro-forestale del territorio?,radio,abbandono,Abbandono dei terreni agricoli e forestali con conseguente dissesto,"Il territorio agro-forestale è interessato da un progressivo abbandono colturale, con conseguente aumento del rischio di dissesto idrogeologico, incendi e degrado del paesaggio"
FAB-38,Presidio e gestione sostenibile del territorio agro-forestale,DC-SZ-038-01,1,Qual è la principale criticità del presidio agro-forestale del territorio?,radio,cambiamento_climatico,"Vulnerabilità ai cambiamenti climatici (siccità, parassiti)","Il territorio agro-forestale è particolarmente vulnerabile agli effetti dei cambiamenti climatici, con episodi crescenti di siccità, attacchi parassitari e stress idrico"
FAB-38,Presidio e gestione sostenibile del territorio agro-forestale,DC-SZ-038-01,1,Qual è la principale criticità del presidio agro-forestale del territorio?,radio,frammentazione,Frammentazione fondiaria che impedisce una gestione efficiente,"L'eccessiva frammentazione fondiaria impedisce una gestione efficiente e sostenibile del territorio agro-forestale, con parcelle troppo piccole per giustificare investimenti individuali"
FAB-38,Presidio e gestione sostenibile del territorio agro-forestale,DC-SZ-038-02,2,Sono in atto o previsti strumenti di gestione collettiva del territorio?,radio,accordi_agro,Sì — accordi agro-climatico-ambientali o contratti di fiume/paesaggio,"Il territorio è interessato da strumenti di gestione collettiva (accordi agro-climatico-ambientali, contratti di fiume, patti per il paesaggio) che inquadrano l'intervento in una strategia condivisa"
FAB-38,Presidio e gestione sostenibile del territorio agro-forestale,DC-SZ-038-02,2,Sono in atto o previsti strumenti di gestione collettiva del territorio?,radio,nessuno_strumento,No — le aziende operano in modo isolato e non coordinato,"Non sono attivi strumenti di gestione collettiva del territorio; le aziende operano in modo isolato senza coordinamento, con interventi frammentati e spesso inefficaci"
FAB-39,Infrastrutture e filiera della pesca professionale e acquacoltura,DC-SZ-039-01,1,Qual è la criticità principale per il settore della pesca e dell'acquacoltura?,radio,infrastrutture_porto,Infrastrutture portuali per la pesca inadeguate,"Le infrastrutture portuali dedicate alla pesca sono inadeguate (banchine, attrezzature per lo sbarco, celle frigorifere), con condizioni che penalizzano la qualità del pescato e la sicurezza dei pescatori"
FAB-39,Infrastrutture e filiera della pesca professionale e acquacoltura,DC-SZ-039-01,1,Qual è la criticità principale per il settore della pesca e dell'acquacoltura?,radio,impianti_acquacoltura,Impianti di acquacoltura assenti o da modernizzare,Gli impianti di acquacoltura del territorio sono assenti o necessitano di modernizzazione per raggiungere standard produttivi e ambientali adeguati
FAB-39,Infrastrutture e filiera della pesca professionale e acquacoltura,DC-SZ-039-01,1,Qual è la criticità principale per il settore della pesca e dell'acquacoltura?,radio,trasformazione,Mancanza di strutture per la trasformazione e commercializzazione,"Il settore è privo di strutture per la trasformazione e la commercializzazione del prodotto ittico, con perdita di valore aggiunto e dipendenza da operatori esterni"
FAB-40,"Vitalità commerciale, servizi di prossimità e accesso al cibo",DC-SZ-040-01,1,Qual è la criticità principale del tessuto commerciale locale?,radio,desertificazione,Desertificazione commerciale — scomparsa di negozi di prossimità,"Il territorio è interessato da una progressiva desertificazione commerciale, con scomparsa dei negozi di prossimità e dei servizi di base nei centri minori e nelle frazioni"
FAB-40,"Vitalità commerciale, servizi di prossimità e accesso al cibo",DC-SZ-040-01,1,Qual è la criticità principale del tessuto commerciale locale?,radio,mercato_degradato,Strutture mercatali degradate o non a norma,"Le strutture mercatali del territorio sono degradate, non conformi alle normative igienico-sanitarie e inadeguate a ospitare un'offerta commerciale attrattiva"
FAB-40,"Vitalità commerciale, servizi di prossimità e accesso al cibo",DC-SZ-040-01,1,Qual è la criticità principale del tessuto commerciale locale?,radio,accesso_cibo,Food desert — zone del territorio senza accesso a cibo fresco,"Alcune zone del territorio sono prive di punti vendita di generi alimentari freschi, configurando una situazione di food desert che penalizza le fasce più fragili della popolazione"
FAB-40,"Vitalità commerciale, servizi di prossimità e accesso al cibo",DC-SZ-040-02,2,La crisi commerciale sta producendo effetti sulla vita della comunità?,checkbox,dipendenza_auto,I residenti devono spostarsi in auto per acquisti di base,i residenti sono costretti a spostarsi in auto verso centri commerciali extraurbani anche per acquisti di base quotidiani
FAB-40,"Vitalità commerciale, servizi di prossimità e accesso al cibo",DC-SZ-040-02,2,La crisi commerciale sta producendo effetti sulla vita della comunità?,checkbox,svuotamento_centri,Svuotamento dei centri storici e delle vie commerciali,"lo svuotamento dei centri storici e delle vie commerciali, con saracinesche abbassate e perdita di vitalità urbana"
FAB-40,"Vitalità commerciale, servizi di prossimità e accesso al cibo",DC-SZ-040-02,2,La crisi commerciale sta producendo effetti sulla vita della comunità?,checkbox,fragili_esclusi,Anziani e persone senza auto esclusi dall'accesso ai servizi,l'esclusione degli anziani e delle persone prive di mezzo proprio dall'accesso ai servizi commerciali di base
FAB-41,Infrastrutture fisiche per la ricerca e l'innovazione applicata,DC-SZ-041-01,1,Qual è la carenza del territorio in materia di infrastrutture per la ricerca?,radio,assenti,Nessun centro di ricerca o laboratorio attrezzato nel territorio,"Il territorio non dispone di centri di ricerca, laboratori attrezzati o spazi per l'innovazione; le imprese che necessitano di servizi di R&S devono rivolgersi a strutture esterne al territorio"
FAB-41,Infrastrutture fisiche per la ricerca e l'innovazione applicata,DC-SZ-041-01,1,Qual è la carenza del territorio in materia di infrastrutture per la ricerca?,radio,obsoleti,Strutture di ricerca esistenti ma obsolete o sottodimensionate,Le strutture di ricerca presenti nel territorio sono obsolete o sottodimensionate rispetto alle esigenze delle imprese e della comunità scientifica locale
FAB-41,Infrastrutture fisiche per la ricerca e l'innovazione applicata,DC-SZ-041-01,1,Qual è la carenza del territorio in materia di infrastrutture per la ricerca?,radio,disconnessi,Centri di ricerca presenti ma non collegati al tessuto produttivo,"Sono presenti centri di ricerca, ma il trasferimento tecnologico verso il tessuto produttivo locale è carente, con scarsa collaborazione tra ricerca e impresa"
FAB-42,Ecosistema per l'impresa sociale e l'economia civile,DC-SZ-042-01,1,Qual è la situazione dell'impresa sociale e del terzo settore nel territorio?,radio,spazi_assenti,Mancano spazi dedicati al terzo settore e all'impresa sociale,"Il territorio è privo di spazi dedicati alle organizzazioni del terzo settore e dell'impresa sociale, che operano in sedi precarie o inadeguate"
FAB-42,Ecosistema per l'impresa sociale e l'economia civile,DC-SZ-042-01,1,Qual è la situazione dell'impresa sociale e del terzo settore nel territorio?,radio,frammentazione,Terzo settore attivo ma frammentato e senza servizi condivisi,"Il terzo settore locale è attivo ma frammentato; le organizzazioni non dispongono di servizi condivisi (spazi, formazione, consulenza) che ne rafforzerebbero l'operatività"
FAB-42,Ecosistema per l'impresa sociale e l'economia civile,DC-SZ-042-01,1,Qual è la situazione dell'impresa sociale e del terzo settore nel territorio?,radio,co_progettazione,"Necessità di spazi per co-progettazione tra PA, terzo settore e comunità","Mancano spazi e infrastrutture per la co-progettazione tra pubblica amministrazione, organizzazioni del terzo settore e comunità locale, limitando l'innovazione sociale"
FAB-43,Disagio abitativo e carenza di edilizia residenziale pubblica,DC-SZ-043-01,1,Qual è la manifestazione principale del disagio abitativo nel territorio?,radio,lista_attesa_erp,Lista d'attesa ERP con famiglie in emergenza abitativa,"La lista d'attesa per l'edilizia residenziale pubblica è lunga, con famiglie in condizione di emergenza abitativa che non trovano risposta nell'offerta pubblica disponibile"
FAB-43,Disagio abitativo e carenza di edilizia residenziale pubblica,DC-SZ-043-01,1,Qual è la manifestazione principale del disagio abitativo nel territorio?,radio,patrimonio_erp_degradato,Patrimonio ERP esistente degradato e parzialmente inutilizzato,"Il patrimonio di edilizia residenziale pubblica esistente è in stato di degrado, con alloggi inutilizzati perché inagibili o non conformi agli standard abitativi minimi"
FAB-43,Disagio abitativo e carenza di edilizia residenziale pubblica,DC-SZ-043-01,1,Qual è la manifestazione principale del disagio abitativo nel territorio?,radio,housing_sociale,Carenza di soluzioni abitative intermedie (housing sociale),"Mancano soluzioni abitative intermedie tra il mercato privato e l'ERP tradizionale, penalizzando categorie come giovani coppie, lavoratori precari e single a basso reddito"
FAB-43,Disagio abitativo e carenza di edilizia residenziale pubblica,DC-SZ-043-02,2,Il disagio abitativo produce effetti sociali documentati nel territorio?,checkbox,sfratti,Numero crescente di sfratti per morosità incolpevole,"un numero crescente di sfratti per morosità incolpevole, che alimenta l'emergenza abitativa"
FAB-43,Disagio abitativo e carenza di edilizia residenziale pubblica,DC-SZ-043-02,2,Il disagio abitativo produce effetti sociali documentati nel territorio?,checkbox,sovraffollamento,Nuclei familiari in condizioni di sovraffollamento,"nuclei familiari che vivono in condizioni di sovraffollamento abitativo, con effetti sulla salute e sullo sviluppo dei minori"
FAB-43,Disagio abitativo e carenza di edilizia residenziale pubblica,DC-SZ-043-02,2,Il disagio abitativo produce effetti sociali documentati nel territorio?,checkbox,senzatetto,Persone senza fissa dimora nel territorio,"la presenza di persone senza fissa dimora nel territorio, in aumento negli ultimi anni"
FAB-43,Disagio abitativo e carenza di edilizia residenziale pubblica,DC-SZ-043-02,2,Il disagio abitativo produce effetti sociali documentati nel territorio?,checkbox,emigrazione,Famiglie che emigrano per impossibilità di trovare alloggio,famiglie che abbandonano il territorio per l'impossibilità di trovare un alloggio a costi sostenibili
FAB-44,Inclusione sociale e servizi per persone in situazione di vulnerabilità,DC-SZ-044-01,1,Quali sono le principali condizioni di vulnerabilità presenti nel territorio?,checkbox,poverta,Povertà assoluta o relativa in crescita,"una condizione di povertà assoluta o relativa in crescita, con famiglie che non riescono a soddisfare bisogni essenziali"
FAB-44,Inclusione sociale e servizi per persone in situazione di vulnerabilità,DC-SZ-044-01,1,Quali sono le principali condizioni di vulnerabilità presenti nel territorio?,checkbox,disabilita,Persone con disabilità senza servizi adeguati,persone con disabilità che non dispongono di servizi e strutture adeguati per l'inclusione nella vita sociale e lavorativa
FAB-44,Inclusione sociale e servizi per persone in situazione di vulnerabilità,DC-SZ-044-01,1,Quali sono le principali condizioni di vulnerabilità presenti nel territorio?,checkbox,immigrazione,Comunità migranti con difficoltà di integrazione,comunità migranti che incontrano barriere nell'accesso ai servizi e nell'integrazione socio-lavorativa
FAB-44,Inclusione sociale e servizi per persone in situazione di vulnerabilità,DC-SZ-044-01,1,Quali sono le principali condizioni di vulnerabilità presenti nel territorio?,checkbox,dipendenze,Problematiche di dipendenza e salute mentale,"problematiche crescenti di dipendenza e salute mentale, con servizi territoriali insufficienti per la presa in carico"
FAB-44,Inclusione sociale e servizi per persone in situazione di vulnerabilità,DC-SZ-044-02,2,Quali servizi o strutture per l'inclusione sono attualmente carenti?,checkbox,centri_diurni,Centri diurni per persone fragili,"centri diurni per persone fragili (anziani non autosufficienti, disabili, persone con disagio psichico)"
FAB-44,Inclusione sociale e servizi per persone in situazione di vulnerabilità,DC-SZ-044-02,2,Quali servizi o strutture per l'inclusione sono attualmente carenti?,checkbox,accoglienza,Strutture di accoglienza per situazioni di emergenza,"strutture di accoglienza per situazioni di emergenza sociale (donne vittime di violenza, senza dimora, nuclei in emergenza abitativa)"
FAB-44,Inclusione sociale e servizi per persone in situazione di vulnerabilità,DC-SZ-044-02,2,Quali servizi o strutture per l'inclusione sono attualmente carenti?,checkbox,servizi_domiciliari,Servizi domiciliari di assistenza e cura,servizi domiciliari di assistenza e cura che consentano alle persone fragili di restare nel proprio contesto di vita
FAB-44,Inclusione sociale e servizi per persone in situazione di vulnerabilità,DC-SZ-044-02,2,Quali servizi o strutture per l'inclusione sono attualmente carenti?,checkbox,sportelli,"Sportelli di ascolto, orientamento e accompagnamento","sportelli di ascolto, orientamento e accompagnamento ai servizi per le persone in difficoltà"
FAB-45,"Aggregazione sociale, coesione e servizi di prossimità per la comunità",DC-SZ-045-01,1,Qual è la carenza principale in termini di spazi e servizi per la comunità?,radio,centri_assenti,Nessun centro civico o spazio di aggregazione nel quartiere/frazione,"Il quartiere o la frazione è privo di centri civici o spazi di aggregazione dove la comunità possa incontrarsi, organizzare attività e accedere a servizi di prossimità"
FAB-45,"Aggregazione sociale, coesione e servizi di prossimità per la comunità",DC-SZ-045-01,1,Qual è la carenza principale in termini di spazi e servizi per la comunità?,radio,strutture_inadeguate,Strutture esistenti inadeguate o non accessibili,"Le strutture di aggregazione esistenti sono inadeguate (spazi troppo piccoli, impianti obsoleti, barriere architettoniche) e non rispondono alle esigenze della comunità"
FAB-45,"Aggregazione sociale, coesione e servizi di prossimità per la comunità",DC-SZ-045-01,1,Qual è la carenza principale in termini di spazi e servizi per la comunità?,radio,isolamento_sociale,Isolamento sociale diffuso — mancano luoghi di incontro,"Si rileva un isolamento sociale diffuso, in particolare tra la popolazione anziana e nelle aree periferiche, per la mancanza di luoghi di incontro e di occasioni di socialità"
FAB-45,"Aggregazione sociale, coesione e servizi di prossimità per la comunità",DC-SZ-045-02,2,Quali attività comunitarie verrebbero ospitate nei nuovi spazi?,checkbox,attivita_culturali,"Attività culturali, educative e ricreative","attività culturali, educative e ricreative per tutte le fasce di età"
FAB-45,"Aggregazione sociale, coesione e servizi di prossimità per la comunità",DC-SZ-045-02,2,Quali attività comunitarie verrebbero ospitate nei nuovi spazi?,checkbox,servizi_prossimita,"Sportelli di servizi di prossimità (anagrafe, sociale, orientamento)",sportelli di servizi di prossimità che avvicinino l'amministrazione ai cittadini delle aree periferiche
FAB-45,"Aggregazione sociale, coesione e servizi di prossimità per la comunità",DC-SZ-045-02,2,Quali attività comunitarie verrebbero ospitate nei nuovi spazi?,checkbox,associazionismo,Sede per associazioni locali e volontariato,sedi per le associazioni locali e le organizzazioni di volontariato del territorio
FAB-45,"Aggregazione sociale, coesione e servizi di prossimità per la comunità",DC-SZ-045-02,2,Quali attività comunitarie verrebbero ospitate nei nuovi spazi?,checkbox,coworking,Spazi di coworking e lavoro condiviso,spazi di coworking e lavoro condiviso per lavoratori remoti e piccole imprese
FAB-46,Assistenza alla non autosufficienza e cura degli anziani,DC-SZ-046-01,1,Qual è la criticità principale nell'assistenza agli anziani non autosufficienti?,radio,posti_residenziali,Carenza di posti in RSA o strutture residenziali protette,"Il territorio presenta una carenza di posti in RSA o strutture residenziali protette rispetto alla domanda, con liste d'attesa che costringono le famiglie a soluzioni inadeguate"
FAB-46,Assistenza alla non autosufficienza e cura degli anziani,DC-SZ-046-01,1,Qual è la criticità principale nell'assistenza agli anziani non autosufficienti?,radio,domiciliare_insufficiente,Assistenza domiciliare insufficiente — anziani soli a casa,"Il servizio di assistenza domiciliare è insufficiente per numero di ore e copertura territoriale, lasciando anziani non autosufficienti soli al proprio domicilio senza supporto adeguato"
FAB-46,Assistenza alla non autosufficienza e cura degli anziani,DC-SZ-046-01,1,Qual è la criticità principale nell'assistenza agli anziani non autosufficienti?,radio,semiresidenziale,Mancanza di centri diurni per anziani,"Il territorio è privo di centri diurni per anziani non autosufficienti, con le famiglie che non dispongono di un'alternativa al ricovero residenziale durante le ore lavorative"
FAB-46,Assistenza alla non autosufficienza e cura degli anziani,DC-SZ-046-01,1,Qual è la criticità principale nell'assistenza agli anziani non autosufficienti?,radio,strutture_inadeguate,Strutture esistenti non a norma o sovraffollate,Le strutture esistenti per anziani non autosufficienti non sono conformi agli standard normativi vigenti o operano in condizioni di sovraffollamento che ne compromettono la qualità assistenziale
FAB-46,Assistenza alla non autosufficienza e cura degli anziani,DC-SZ-046-02,2,Il territorio presenta fattori che aggravano il fabbisogno di assistenza anziani?,checkbox,invecchiamento,Indice di invecchiamento molto superiore alla media,"un indice di invecchiamento della popolazione significativamente superiore alla media regionale, con una quota crescente di ultraottantenni"
FAB-46,Assistenza alla non autosufficienza e cura degli anziani,DC-SZ-046-02,2,Il territorio presenta fattori che aggravano il fabbisogno di assistenza anziani?,checkbox,isolamento,Anziani soli senza rete familiare nel territorio,"un numero elevato di anziani che vivono soli, privi di una rete familiare di supporto nel territorio"
FAB-46,Assistenza alla non autosufficienza e cura degli anziani,DC-SZ-046-02,2,Il territorio presenta fattori che aggravano il fabbisogno di assistenza anziani?,checkbox,aree_interne,Frazioni montane o rurali dove i servizi non arrivano,"la localizzazione in aree interne, montane o rurali dove i servizi domiciliari faticano a raggiungere gli utenti e le strutture residenziali sono lontane"
FAB-46,Assistenza alla non autosufficienza e cura degli anziani,DC-SZ-046-02,2,Il territorio presenta fattori che aggravano il fabbisogno di assistenza anziani?,checkbox,caregiver,Famiglie caregiver sotto forte stress senza supporto,"famiglie che svolgono il ruolo di caregiver sotto forte stress, senza accesso a servizi di sollievo o supporto psicologico"
FAB-47,Autonomia e vita indipendente per persone con disabilità,DC-SZ-047-01,1,Qual è la criticità principale per le persone con disabilità nel territorio?,radio,dopo_di_noi,"Assenza di soluzioni abitative per il ""dopo di noi""","Il territorio non dispone di soluzioni abitative adeguate per il ""dopo di noi"" — persone con disabilità che perderanno il supporto familiare e necessitano di residenzialità assistita"
FAB-47,Autonomia e vita indipendente per persone con disabilità,DC-SZ-047-01,1,Qual è la criticità principale per le persone con disabilità nel territorio?,radio,autonomia,Carenza di percorsi per la vita indipendente e l'inserimento lavorativo,"Mancano percorsi strutturati per la vita indipendente e l'inserimento lavorativo delle persone con disabilità, che restano dipendenti dal nucleo familiare anche quando avrebbero potenzialità di autonomia"
FAB-47,Autonomia e vita indipendente per persone con disabilità,DC-SZ-047-01,1,Qual è la criticità principale per le persone con disabilità nel territorio?,radio,accessibilita_servizi,Servizi pubblici e spazi urbani non accessibili,I servizi pubblici e gli spazi urbani del territorio presentano barriere architettoniche e sensoriali che limitano l'autonomia delle persone con disabilità negli spostamenti e nell'accesso ai servizi
FAB-47,Autonomia e vita indipendente per persone con disabilità,DC-SZ-047-01,1,Qual è la criticità principale per le persone con disabilità nel territorio?,radio,ausili,Carenza di ausili tecnologici e domotica assistiva,Le persone con disabilità del territorio non hanno accesso ad ausili tecnologici e soluzioni di domotica assistiva che ne aumenterebbero l'autonomia quotidiana
FAB-47,Autonomia e vita indipendente per persone con disabilità,DC-SZ-047-02,2,Esistono nel territorio strutture o servizi dedicati alla disabilità?,radio,nessuna_struttura,No — le famiglie si arrangiano o si rivolgono a territori limitrofi,Il territorio non dispone di strutture o servizi dedicati; le famiglie si fanno carico interamente dell'assistenza o si rivolgono a strutture in territori limitrofi con disagi organizzativi significativi
FAB-47,Autonomia e vita indipendente per persone con disabilità,DC-SZ-047-02,2,Esistono nel territorio strutture o servizi dedicati alla disabilità?,radio,strutture_parziali,Sì — ma coprono solo alcune tipologie di disabilità,"Esistono strutture e servizi, ma la copertura è parziale: alcune tipologie di disabilità (intellettiva, sensoriale, psichiatrica) non trovano risposte adeguate nel territorio"
FAB-47,Autonomia e vita indipendente per persone con disabilità,DC-SZ-047-02,2,Esistono nel territorio strutture o servizi dedicati alla disabilità?,radio,liste_attesa,Sì — ma le liste d'attesa sono lunghe e la domanda supera l'offerta,Le strutture esistenti operano a piena capacità con lunghe liste d'attesa; la domanda di servizi supera ampiamente l'offerta disponibile
FAB-48,"Protezione, tutela e supporto ai minori e alle famiglie",DC-SZ-048-01,1,Qual è la criticità principale nella protezione dei minori e nel supporto alle famiglie?,radio,strutture_accoglienza,Carenza di strutture di accoglienza per minori allontanati dal nucleo,"Il territorio presenta una carenza di strutture di accoglienza per minori allontanati dal nucleo familiare (comunità educative, case famiglia), con necessità di collocamento in strutture lontane dal contesto di origine"
FAB-48,"Protezione, tutela e supporto ai minori e alle famiglie",DC-SZ-048-01,1,Qual è la criticità principale nella protezione dei minori e nel supporto alle famiglie?,radio,servizi_prevenzione,Servizi di prevenzione e supporto familiare insufficienti,"I servizi di prevenzione e supporto alle famiglie in difficoltà sono insufficienti, con interventi che arrivano solo in fase di emergenza anziché prevenire il deterioramento delle situazioni"
FAB-48,"Protezione, tutela e supporto ai minori e alle famiglie",DC-SZ-048-01,1,Qual è la criticità principale nella protezione dei minori e nel supporto alle famiglie?,radio,spazi_educativi,Mancanza di spazi educativi e ricreativi protetti per i minori,"Mancano spazi educativi e ricreativi protetti dove i minori possano svolgere attività extrascolastiche in un contesto sicuro, con particolare criticità nelle aree a maggiore disagio"
FAB-48,"Protezione, tutela e supporto ai minori e alle famiglie",DC-SZ-048-01,1,Qual è la criticità principale nella protezione dei minori e nel supporto alle famiglie?,radio,mediazione,Assenza di servizi di mediazione familiare e sostegno alla genitorialità,"Il territorio è privo di servizi strutturati di mediazione familiare e sostegno alla genitorialità, che intercetterebbero situazioni di crisi prima che degenerino in disagio per i minori"
FAB-48,"Protezione, tutela e supporto ai minori e alle famiglie",DC-SZ-048-02,2,Sono presenti nel territorio fattori di rischio per i minori?,checkbox,poverta_educativa,Povertà educativa — minori senza accesso ad attività extrascolastiche,"una condizione di povertà educativa diffusa, con minori che non hanno accesso ad attività sportive, culturali e ricreative extrascolastiche"
FAB-48,"Protezione, tutela e supporto ai minori e alle famiglie",DC-SZ-048-02,2,Sono presenti nel territorio fattori di rischio per i minori?,checkbox,dispersione_scolastica,Dispersione scolastica superiore alla media,un tasso di dispersione scolastica superiore alla media regionale e nazionale
FAB-48,"Protezione, tutela e supporto ai minori e alle famiglie",DC-SZ-048-02,2,Sono presenti nel territorio fattori di rischio per i minori?,checkbox,disagio_familiare,Elevato numero di famiglie fragili seguite dai servizi sociali,"un elevato numero di nuclei familiari fragili seguiti dai servizi sociali, con situazioni di trascuratezza, conflittualità o inadeguatezza genitoriale"
FAB-48,"Protezione, tutela e supporto ai minori e alle famiglie",DC-SZ-048-02,2,Sono presenti nel territorio fattori di rischio per i minori?,checkbox,criminalita_minorile,Fenomeni di devianza e criminalità minorile,fenomeni di devianza e criminalità minorile favoriti dall'assenza di alternative educative e ricreative nel territorio
FAB-49,Accessibilità ai servizi sanitari di prossimità,DC-SZ-049-01,1,Qual è la criticità principale nell'accesso ai servizi sanitari nel territorio?,radio,distanza,Distanza eccessiva dai presidi ospedalieri e dai servizi specialistici,"I residenti devono percorrere distanze eccessive per raggiungere i presidi ospedalieri e i servizi sanitari specialistici più vicini, con tempi di percorrenza che compromettono la tempestività delle cure"
FAB-49,Accessibilità ai servizi sanitari di prossimità,DC-SZ-049-01,1,Qual è la criticità principale nell'accesso ai servizi sanitari nel territorio?,radio,medicina_territorio,Carenza di ambulatori e strutture di medicina territoriale,"Il territorio presenta una carenza di ambulatori di medicina territoriale, case della comunità e strutture per le cure primarie, con sovraffollamento dei pronto soccorso per patologie che andrebbero trattate in ambulatorio"
FAB-49,Accessibilità ai servizi sanitari di prossimità,DC-SZ-049-01,1,Qual è la criticità principale nell'accesso ai servizi sanitari nel territorio?,radio,strutture_obsolete,Strutture sanitarie esistenti obsolete e non conformi,"Le strutture sanitarie presenti nel territorio sono obsolete, non conformi ai requisiti di accreditamento e con dotazioni tecnologiche inadeguate"
FAB-49,Accessibilità ai servizi sanitari di prossimità,DC-SZ-049-01,1,Qual è la criticità principale nell'accesso ai servizi sanitari nel territorio?,radio,medici_carenti,Carenza di medici di medicina generale nel territorio,"Il territorio soffre di una carenza critica di medici di medicina generale, con pazienti non assistiti o costretti a rivolgersi a medici in comuni limitrofi"
FAB-49,Accessibilità ai servizi sanitari di prossimità,DC-SZ-049-02,2,L'inadeguatezza dei servizi sanitari produce effetti sulla popolazione?,checkbox,rinuncia_cure,Pazienti che rinunciano alle cure per difficoltà di accesso,pazienti che rinunciano alle cure o le ritardano per le difficoltà di accesso ai servizi sanitari
FAB-49,Accessibilità ai servizi sanitari di prossimità,DC-SZ-049-02,2,L'inadeguatezza dei servizi sanitari produce effetti sulla popolazione?,checkbox,mobilita_sanitaria,Mobilità sanitaria passiva verso altre ASL o regioni,"una mobilità sanitaria passiva significativa verso altre ASL o regioni, con costi per il sistema e disagi per le famiglie"
FAB-49,Accessibilità ai servizi sanitari di prossimità,DC-SZ-049-02,2,L'inadeguatezza dei servizi sanitari produce effetti sulla popolazione?,checkbox,emergenze,Tempi di intervento del 118 superiori agli standard,"tempi di intervento del servizio di emergenza sanitaria (118) superiori agli standard, con rischio per le emergenze tempo-dipendenti"
FAB-49,Accessibilità ai servizi sanitari di prossimità,DC-SZ-049-02,2,L'inadeguatezza dei servizi sanitari produce effetti sulla popolazione?,checkbox,cronicita,Gestione delle cronicità carente — ricoveri evitabili,"una gestione delle patologie croniche carente, con ricoveri ospedalieri evitabili che gravano sul sistema sanitario e sulla qualità di vita dei pazienti"
FAB-50,"Prevenzione collettiva, igiene e salute pubblica",DC-SZ-050-01,1,Qual è la criticità principale nella prevenzione collettiva e nella sicurezza sanitaria?,radio,igiene_pubblica,Strutture per l'igiene pubblica e la prevenzione carenti,"Le strutture dedicate all'igiene pubblica e alla prevenzione (laboratori di analisi, centri vaccinali, ambulatori di medicina preventiva) sono carenti o inadeguate"
FAB-50,"Prevenzione collettiva, igiene e salute pubblica",DC-SZ-050-01,1,Qual è la criticità principale nella prevenzione collettiva e nella sicurezza sanitaria?,radio,monitoraggio,Sistema di monitoraggio ambientale e sanitario insufficiente,Il sistema di monitoraggio ambientale e sanitario del territorio è insufficiente per garantire la sorveglianza epidemiologica e la sicurezza alimentare
FAB-50,"Prevenzione collettiva, igiene e salute pubblica",DC-SZ-050-01,1,Qual è la criticità principale nella prevenzione collettiva e nella sicurezza sanitaria?,radio,veterinaria,Carenza di presidi veterinari per la sanità animale,"Il territorio è carente di presidi veterinari adeguati per la sanità animale, con rischi per le filiere zootecniche e per la sicurezza alimentare della popolazione"
FAB-50,"Prevenzione collettiva, igiene e salute pubblica",DC-SZ-050-02,2,Esistono rischi specifici per la salute pubblica nel territorio?,checkbox,inquinamento,Inquinamento ambientale con rischi per la salute documentati,un inquinamento ambientale con rischi per la salute documentati da studi epidemiologici o segnalazioni dell'autorità sanitaria
FAB-50,"Prevenzione collettiva, igiene e salute pubblica",DC-SZ-050-02,2,Esistono rischi specifici per la salute pubblica nel territorio?,checkbox,rischio_epidemico,Vulnerabilità a rischi epidemici per densità o mobilità,"una vulnerabilità a rischi epidemici legata alla densità abitativa, alla mobilità della popolazione o alla presenza di strutture collettive (scuole, RSA)"
FAB-50,"Prevenzione collettiva, igiene e salute pubblica",DC-SZ-050-02,2,Esistono rischi specifici per la salute pubblica nel territorio?,checkbox,sicurezza_alimentare,Carenze nel controllo della filiera alimentare,"carenze nel sistema di controllo della filiera alimentare, con rischi per la sicurezza dei prodotti destinati al consumo"
FAB-50,"Prevenzione collettiva, igiene e salute pubblica",DC-SZ-050-02,2,Esistono rischi specifici per la salute pubblica nel territorio?,checkbox,amianto_radon,"Esposizione a rischi specifici (amianto, radon, siti contaminati)","l'esposizione della popolazione a rischi specifici come amianto negli edifici, gas radon o contaminanti dai siti inquinati del territorio"
FAB-51,Offerta insufficiente di posti nido per la prima infanzia (0-3 anni),DC-SZ-051-01,1,Qual è la situazione dei servizi educativi 0-3 anni nel territorio?,radio,nessun_servizio,Nessun asilo nido o servizio 0-3 presente nel territorio,Il territorio è completamente privo di servizi educativi per la fascia 0-3 anni; le famiglie non hanno alternativa alla cura esclusivamente familiare o alla rinuncia lavorativa di un genitore
FAB-51,Offerta insufficiente di posti nido per la prima infanzia (0-3 anni),DC-SZ-051-01,1,Qual è la situazione dei servizi educativi 0-3 anni nel territorio?,radio,copertura_bassa,Copertura molto al di sotto dell'obiettivo europeo (33%),"La copertura dei servizi educativi 0-3 è significativamente inferiore all'obiettivo europeo del 33%, con una percentuale di posti disponibili che non soddisfa la domanda delle famiglie"
FAB-51,Offerta insufficiente di posti nido per la prima infanzia (0-3 anni),DC-SZ-051-01,1,Qual è la situazione dei servizi educativi 0-3 anni nel territorio?,radio,struttura_inadeguata,Servizio presente ma in struttura inadeguata o sottodimensionata,"Il servizio educativo 0-3 è presente ma ospitato in una struttura inadeguata (spazi insufficienti, impianti obsoleti, non a norma) o sottodimensionata rispetto alla domanda"
FAB-51,Offerta insufficiente di posti nido per la prima infanzia (0-3 anni),DC-SZ-051-01,1,Qual è la situazione dei servizi educativi 0-3 anni nel territorio?,radio,lista_attesa,Servizio presente ma con liste d'attesa lunghe,"Il servizio educativo 0-3 è presente e funzionante, ma le liste d'attesa sono lunghe, con una quota significativa di domande che non trovano risposta nell'offerta disponibile"
FAB-51,Offerta insufficiente di posti nido per la prima infanzia (0-3 anni),DC-SZ-051-02,2,La carenza di posti nido produce effetti sulla partecipazione lavorativa?,checkbox,occupazione_femminile,Bassa occupazione femminile legata alla mancanza di servizi,"un tasso di occupazione femminile significativamente inferiore alla media, correlato alla mancanza di servizi di cura per la prima infanzia"
FAB-51,Offerta insufficiente di posti nido per la prima infanzia (0-3 anni),DC-SZ-051-02,2,La carenza di posti nido produce effetti sulla partecipazione lavorativa?,checkbox,rinuncia_lavoro,Genitori che rinunciano al lavoro per accudire i figli,genitori (prevalentemente madri) che rinunciano all'attività lavorativa o accettano occupazioni meno qualificate per accudire i figli in assenza di servizi
FAB-51,Offerta insufficiente di posti nido per la prima infanzia (0-3 anni),DC-SZ-051-02,2,La carenza di posti nido produce effetti sulla partecipazione lavorativa?,checkbox,costi_privati,Famiglie che ricorrono a soluzioni private a costi elevati,"famiglie che ricorrono a soluzioni private (babysitter, nidi privati) a costi elevati, con impatto significativo sul bilancio familiare"
FAB-51,Offerta insufficiente di posti nido per la prima infanzia (0-3 anni),DC-SZ-051-02,2,La carenza di posti nido produce effetti sulla partecipazione lavorativa?,checkbox,natalita,Bassa natalità collegata alla difficoltà di conciliazione,"un tasso di natalità in calo, in parte attribuibile alla difficoltà di conciliazione tra vita lavorativa e familiare in assenza di servizi per l'infanzia"
FAB-52,Offerta insufficiente di posti scuola dell'infanzia (3-6 anni),DC-SZ-052-01,1,Qual è la situazione della scuola dell'infanzia nel territorio?,radio,posti_insufficienti,Posti insufficienti — bambini esclusi o in lista d'attesa,"I posti nella scuola dell'infanzia sono insufficienti rispetto alla domanda, con bambini esclusi dal servizio o inseriti in liste d'attesa che si protraggono oltre l'inizio dell'anno scolastico"
FAB-52,Offerta insufficiente di posti scuola dell'infanzia (3-6 anni),DC-SZ-052-01,1,Qual è la situazione della scuola dell'infanzia nel territorio?,radio,struttura_inadeguata,Struttura esistente inadeguata per qualità degli spazi,"La scuola dell'infanzia è ospitata in una struttura inadeguata per qualità degli spazi (aule troppo piccole, assenza di spazi esterni, servizi igienici insufficienti), compromettendo la qualità dell'offerta educativa"
FAB-52,Offerta insufficiente di posti scuola dell'infanzia (3-6 anni),DC-SZ-052-01,1,Qual è la situazione della scuola dell'infanzia nel territorio?,radio,tempo_ridotto,Servizio a tempo ridotto — orario non compatibile con il lavoro,"Il servizio è erogato solo a tempo ridotto, con un orario non compatibile con le esigenze lavorative delle famiglie e senza servizio mensa"
FAB-52,Offerta insufficiente di posti scuola dell'infanzia (3-6 anni),DC-SZ-052-02,2,L'intervento è legato a crescita demografica o a inadeguatezza delle strutture?,radio,crescita_demografica,Crescita demografica che ha saturato la capacità esistente,"La crescita demografica del territorio (nuove residenze, flussi migratori) ha saturato la capacità della scuola dell'infanzia esistente, rendendo necessari nuovi posti"
FAB-52,Offerta insufficiente di posti scuola dell'infanzia (3-6 anni),DC-SZ-052-02,2,L'intervento è legato a crescita demografica o a inadeguatezza delle strutture?,radio,struttura_fatiscente,Struttura fatiscente che necessita di sostituzione o ristrutturazione,"La struttura che ospita la scuola dell'infanzia è fatiscente e non più adeguata dal punto di vista strutturale, impiantistico e normativo, richiedendo una sostituzione o una ristrutturazione profonda"
FAB-52,Offerta insufficiente di posti scuola dell'infanzia (3-6 anni),DC-SZ-052-02,2,L'intervento è legato a crescita demografica o a inadeguatezza delle strutture?,radio,razionalizzazione,Razionalizzazione della rete scolastica sul territorio,"L'intervento rientra in un più ampio processo di razionalizzazione della rete scolastica del territorio, finalizzato a concentrare i servizi in strutture moderne e funzionali"
FAB-53,Capacità insufficiente dell'offerta scolastica: mancano posti (6-18 anni),DC-SZ-053-01,1,Qual è la criticità di capacità scolastica per la fascia 6-18?,radio,classi_sovraffollate,Classi sovraffollate che superano i limiti normativi,"Le classi superano i limiti normativi di capienza, con condizioni di sovraffollamento che compromettono la qualità della didattica, la sicurezza e il comfort degli studenti"
FAB-53,Capacità insufficiente dell'offerta scolastica: mancano posti (6-18 anni),DC-SZ-053-01,1,Qual è la criticità di capacità scolastica per la fascia 6-18?,radio,doppi_turni,Scuola con doppi turni per carenza di aule,"La carenza di aule ha costretto l'istituto ad adottare doppi turni di lezione, con riduzione dell'orario scolastico e impossibilità di attivare il tempo pieno"
FAB-53,Capacità insufficiente dell'offerta scolastica: mancano posti (6-18 anni),DC-SZ-053-01,1,Qual è la criticità di capacità scolastica per la fascia 6-18?,radio,strutture_disperse,Studenti dispersi in più sedi provvisorie,"L'insufficienza della struttura principale ha portato alla dispersione degli studenti in sedi provvisorie (edifici non scolastici, prefabbricati), con disagi organizzativi e perdita di identità della comunità scolastica"
FAB-53,Capacità insufficiente dell'offerta scolastica: mancano posti (6-18 anni),DC-SZ-053-01,1,Qual è la criticità di capacità scolastica per la fascia 6-18?,radio,laboratori_assenti,"Assenza di laboratori, palestra e spazi per attività complementari","La struttura scolastica è priva di laboratori, palestra e spazi per le attività complementari alla didattica frontale, limitando l'offerta formativa"
FAB-53,Capacità insufficiente dell'offerta scolastica: mancano posti (6-18 anni),DC-SZ-053-02,2,"La carenza di capacità scolastica è stabile, in peggioramento o in miglioramento?",radio,peggioramento,In peggioramento — la popolazione scolastica è in crescita,"La situazione è in peggioramento: la popolazione scolastica è in crescita per dinamiche demografiche o di nuovi insediamenti residenziali, e la capacità esistente diventerà sempre più insufficiente"
FAB-53,Capacità insufficiente dell'offerta scolastica: mancano posti (6-18 anni),DC-SZ-053-02,2,"La carenza di capacità scolastica è stabile, in peggioramento o in miglioramento?",radio,stabile,Stabile — la carenza è strutturale e persistente,La carenza è strutturale e persistente; la popolazione scolastica è stabile ma la dotazione di spazi è storicamente insufficiente rispetto ai fabbisogni
FAB-53,Capacità insufficiente dell'offerta scolastica: mancano posti (6-18 anni),DC-SZ-053-02,2,"La carenza di capacità scolastica è stabile, in peggioramento o in miglioramento?",radio,riorganizzazione,Legata a riorganizzazione della rete scolastica,"La carenza è legata a un processo di riorganizzazione della rete scolastica (accorpamenti, chiusura di plessi, dimensionamento) che ha concentrato la domanda su strutture non dimensionate per accoglierla"
FAB-54,"Qualità, sicurezza e conformità degli edifici scolastici esistenti",DC-SZ-054-01,1,Quali criticità presenta l'edificio scolastico che motivano l'intervento?,checkbox,sismico,Vulnerabilità sismica — assenza di adeguamento o verifica insufficiente,"vulnerabilità sismica dell'edificio, con assenza di adeguamento o verifica di sicurezza che evidenzia carenze strutturali rispetto alle NTC2018"
FAB-54,"Qualità, sicurezza e conformità degli edifici scolastici esistenti",DC-SZ-054-01,1,Quali criticità presenta l'edificio scolastico che motivano l'intervento?,checkbox,antincendio,Non conformità antincendio — CPI assente o scaduto,"non conformità alle norme di prevenzione incendi, con certificato di prevenzione incendi assente o scaduto"
FAB-54,"Qualità, sicurezza e conformità degli edifici scolastici esistenti",DC-SZ-054-01,1,Quali criticità presenta l'edificio scolastico che motivano l'intervento?,checkbox,accessibilita,Barriere architettoniche non eliminate,presenza di barriere architettoniche che impediscono la piena accessibilità degli spazi a studenti e personale con disabilità
FAB-54,"Qualità, sicurezza e conformità degli edifici scolastici esistenti",DC-SZ-054-01,1,Quali criticità presenta l'edificio scolastico che motivano l'intervento?,checkbox,impiantistico,Impianti tecnologici fuori norma,"impianti tecnologici non conformi alle normative vigenti, con rischi per la sicurezza degli occupanti"
FAB-54,"Qualità, sicurezza e conformità degli edifici scolastici esistenti",DC-SZ-054-01,1,Quali criticità presenta l'edificio scolastico che motivano l'intervento?,checkbox,statico,"Degrado strutturale visibile (infiltrazioni, distacchi, fessurazioni)","segni di degrado strutturale diffuso, con infiltrazioni, distacchi di intonaco o fessurazioni che segnalano un deterioramento avanzato"
FAB-54,"Qualità, sicurezza e conformità degli edifici scolastici esistenti",DC-SZ-054-01,1,Quali criticità presenta l'edificio scolastico che motivano l'intervento?,checkbox,amianto,Presenza di materiali contenenti amianto (MCA),presenza accertata di materiali contenenti amianto che richiedono bonifica per la tutela della salute degli occupanti
FAB-54,"Qualità, sicurezza e conformità degli edifici scolastici esistenti",DC-SZ-054-02,2,In quale zona sismica ricade l'edificio scolastico?,radio,zona_1,Zona 1 — sismicità alta,"L'edificio ricade in zona sismica 1 (sismicità alta), dove la probabilità di eventi sismici rilevanti è la più elevata sul territorio nazionale"
FAB-54,"Qualità, sicurezza e conformità degli edifici scolastici esistenti",DC-SZ-054-02,2,In quale zona sismica ricade l'edificio scolastico?,radio,zona_2,Zona 2 — sismicità media,"L'edificio ricade in zona sismica 2 (sismicità media), con possibilità di forti terremoti"
FAB-54,"Qualità, sicurezza e conformità degli edifici scolastici esistenti",DC-SZ-054-02,2,In quale zona sismica ricade l'edificio scolastico?,radio,zona_3,Zona 3 — sismicità bassa,L'edificio ricade in zona sismica 3 (sismicità bassa ma non trascurabile)
FAB-54,"Qualità, sicurezza e conformità degli edifici scolastici esistenti",DC-SZ-054-02,2,In quale zona sismica ricade l'edificio scolastico?,radio,zona_4,Zona 4 — sismicità molto bassa,L'edificio ricade in zona sismica 4 (sismicità molto bassa)
FAB-54,"Qualità, sicurezza e conformità degli edifici scolastici esistenti",DC-SZ-054-03,3,Sono state effettuate indagini diagnostiche o verifiche tecniche sull'edificio?,radio,indagine_completa,Sì — verifica di vulnerabilità sismica e/o diagnosi completa,"È stata effettuata una verifica di vulnerabilità sismica e/o una diagnosi tecnica completa, i cui esiti hanno confermato la necessità dell'intervento"
FAB-54,"Qualità, sicurezza e conformità degli edifici scolastici esistenti",DC-SZ-054-03,3,Sono state effettuate indagini diagnostiche o verifiche tecniche sull'edificio?,radio,indagine_parziale,"Solo indagini parziali (sopralluogo tecnico, rilievo visivo)",Sono state condotte indagini parziali che hanno evidenziato la necessità di approfondimenti e interventi
FAB-54,"Qualità, sicurezza e conformità degli edifici scolastici esistenti",DC-SZ-054-03,3,Sono state effettuate indagini diagnostiche o verifiche tecniche sull'edificio?,radio,nessuna_indagine,No — le criticità sono note ma non documentate formalmente,Le criticità sono note al personale scolastico e ai tecnici comunali ma non sono ancora state oggetto di indagini diagnostiche formali
FAB-54,"Qualità, sicurezza e conformità degli edifici scolastici esistenti",DC-SZ-054-04,4,Come incidono le criticità sull'attività scolastica quotidiana?,radio,funzionamento_normale,"L'attività prosegue normalmente, ma il rischio è latente",L'attività scolastica prosegue regolarmente nonostante le criticità. Il rischio è latente e la mancanza di intervento espone l'ente a responsabilità in caso di evento avverso
FAB-54,"Qualità, sicurezza e conformità degli edifici scolastici esistenti",DC-SZ-054-04,4,Come incidono le criticità sull'attività scolastica quotidiana?,radio,limitazioni,Alcune aree o funzionalità sono interdette o limitate,"Le criticità hanno già comportato l'interdizione di alcune aree o la limitazione di funzionalità (laboratori, palestra), riducendo la qualità dell'offerta formativa"
FAB-54,"Qualità, sicurezza e conformità degli edifici scolastici esistenti",DC-SZ-054-04,4,Come incidono le criticità sull'attività scolastica quotidiana?,radio,trasferimenti,Parte degli alunni è stata trasferita in sedi provvisorie,"Le condizioni hanno reso necessario il trasferimento parziale di classi in sedi provvisorie, con disagi organizzativi e logistici per le famiglie"
FAB-54,"Qualità, sicurezza e conformità degli edifici scolastici esistenti",DC-SZ-054-04,4,Come incidono le criticità sull'attività scolastica quotidiana?,radio,chiusura_imminente,L'edificio rischia l'inagibilità se non si interviene,"L'edificio si trova in una condizione che, senza intervento, potrebbe portare alla dichiarazione di inagibilità"
FAB-54,"Qualità, sicurezza e conformità degli edifici scolastici esistenti",DC-SZ-054-05,5,L'ente ha già realizzato interventi parziali o di messa in sicurezza provvisoria?,radio,nessuno,No — nessun intervento effettuato,"Ad oggi l'ente non ha realizzato interventi significativi sull'edificio, la cui configurazione è rimasta sostanzialmente invariata"
FAB-54,"Qualità, sicurezza e conformità degli edifici scolastici esistenti",DC-SZ-054-05,5,L'ente ha già realizzato interventi parziali o di messa in sicurezza provvisoria?,radio,messa_sicurezza_provvisoria,"Sì — interventi provvisori (puntellamenti, interdizioni)",L'ente ha adottato misure provvisorie di messa in sicurezza che tuttavia non risolvono le cause strutturali delle criticità
FAB-54,"Qualità, sicurezza e conformità degli edifici scolastici esistenti",DC-SZ-054-05,5,L'ente ha già realizzato interventi parziali o di messa in sicurezza provvisoria?,radio,interventi_parziali,Sì — interventi parziali su componenti secondarie,"Sono stati effettuati interventi parziali su componenti secondarie, che non hanno affrontato le criticità principali"
FAB-55,Offerta formativa universitaria e terziaria,DC-SZ-055-01,1,Qual è la criticità dell'offerta universitaria nel territorio?,radio,assente,Nessuna sede universitaria — gli studenti emigrano,"Il territorio non ospita sedi universitarie o di alta formazione; gli studenti sono costretti a emigrare verso altre province o regioni, con costi elevati per le famiglie e perdita di capitale umano per il territorio"
FAB-55,Offerta formativa universitaria e terziaria,DC-SZ-055-01,1,Qual è la criticità dell'offerta universitaria nel territorio?,radio,strutture_insufficienti,"Sede presente ma con strutture insufficienti (aule, laboratori, residenze)","È presente una sede universitaria, ma le strutture sono insufficienti (aule sovraffollate, laboratori obsoleti, residenze studentesche carenti) con impatto sulla qualità della formazione e sull'attrattività dell'ateneo"
FAB-55,Offerta formativa universitaria e terziaria,DC-SZ-055-01,1,Qual è la criticità dell'offerta universitaria nel territorio?,radio,offerta_limitata,Offerta formativa limitata rispetto alle esigenze del mercato del lavoro locale,"L'offerta formativa universitaria presente non è allineata con le esigenze del mercato del lavoro locale, con scollamento tra competenze formate e competenze richieste dalle imprese del territorio"
FAB-56,Formazione professionale e aggiornamento delle competenze,DC-SZ-056-01,1,Qual è la criticità della formazione professionale nel territorio?,radio,centri_assenti,Assenza di centri di formazione professionale nel territorio,"Il territorio è privo di centri di formazione professionale; chi vuole acquisire competenze tecniche deve spostarsi in altri comuni, con una barriera all'accesso che esclude le fasce più fragili"
FAB-56,Formazione professionale e aggiornamento delle competenze,DC-SZ-056-01,1,Qual è la criticità della formazione professionale nel territorio?,radio,offerta_obsoleta,Offerta formativa non aggiornata rispetto al mercato del lavoro,"L'offerta formativa professionale presente è obsoleta e non aggiornata rispetto alle competenze richieste dal mercato del lavoro locale (digitalizzazione, green economy, automazione)"
FAB-56,Formazione professionale e aggiornamento delle competenze,DC-SZ-056-01,1,Qual è la criticità della formazione professionale nel territorio?,radio,strutture_inadeguate,Laboratori e attrezzature non adeguati alla formazione pratica,"I centri di formazione professionale esistenti dispongono di laboratori e attrezzature inadeguati per una formazione pratica efficace, con tecnologie superate rispetto a quelle utilizzate dalle imprese"
FAB-56,Formazione professionale e aggiornamento delle competenze,DC-SZ-056-02,2,L'inadeguatezza della formazione produce effetti sull'occupazione locale?,checkbox,disoccupazione_giovanile,Disoccupazione giovanile superiore alla media,un tasso di disoccupazione giovanile significativamente superiore alla media regionale e nazionale
FAB-56,Formazione professionale e aggiornamento delle competenze,DC-SZ-056-02,2,L'inadeguatezza della formazione produce effetti sull'occupazione locale?,checkbox,skill_mismatch,Imprese che non trovano personale qualificato,"imprese del territorio che non trovano personale qualificato per profili tecnici e specialistici, nonostante la disponibilità di forza lavoro"
FAB-56,Formazione professionale e aggiornamento delle competenze,DC-SZ-056-02,2,L'inadeguatezza della formazione produce effetti sull'occupazione locale?,checkbox,emigrazione_giovani,Giovani che emigrano per cercare opportunità formative e lavorative,"un'emigrazione giovanile verso territori con offerta formativa e lavorativa più ricca, con impoverimento del capitale umano locale"
FAB-57,Sostegno all'occupazione e al reinserimento lavorativo,DC-SZ-057-01,1,Qual è la criticità occupazionale principale del territorio?,radio,disoccupazione,Tasso di disoccupazione elevato — superiore alla media regionale,"Il territorio registra un tasso di disoccupazione significativamente superiore alla media regionale, con particolare gravità nella fascia giovanile e femminile"
FAB-57,Sostegno all'occupazione e al reinserimento lavorativo,DC-SZ-057-01,1,Qual è la criticità occupazionale principale del territorio?,radio,precarieta,Lavoro precario e sotto-qualificato prevalente,"L'occupazione nel territorio è caratterizzata da forte precarietà e sotto-qualificazione, con contratti a termine, part-time involontario e retribuzioni inferiori alla media"
FAB-57,Sostegno all'occupazione e al reinserimento lavorativo,DC-SZ-057-01,1,Qual è la criticità occupazionale principale del territorio?,radio,crisi_settoriale,Crisi di un settore produttivo dominante nel territorio,"Il territorio è stato colpito dalla crisi di un settore produttivo dominante, con perdita massiva di posti di lavoro e necessità di riconversione delle competenze"
FAB-57,Sostegno all'occupazione e al reinserimento lavorativo,DC-SZ-057-01,1,Qual è la criticità occupazionale principale del territorio?,radio,neet,Alta quota di NEET — giovani che non studiano e non lavorano,"Il territorio registra un'alta quota di NEET (giovani che non studiano e non lavorano), segnale di una disconnessione tra sistema educativo, servizi per l'impiego e tessuto produttivo"
FAB-58,"Sport, attività fisica e promozione della salute attraverso il movimento",DC-SZ-058-01,1,Qual è la carenza di strutture sportive nel territorio?,radio,impianti_assenti,Impianti sportivi assenti — nessuna struttura pubblica per lo sport,"Il territorio non dispone di impianti sportivi pubblici; la pratica sportiva è possibile solo in strutture private a pagamento o in comuni limitrofi, escludendo le fasce economicamente più fragili"
FAB-58,"Sport, attività fisica e promozione della salute attraverso il movimento",DC-SZ-058-01,1,Qual è la carenza di strutture sportive nel territorio?,radio,impianti_degradati,Impianti esistenti degradati o non a norma,"Gli impianti sportivi pubblici esistenti sono degradati o non conformi alle normative vigenti (sicurezza, accessibilità, efficienza energetica), con limitazioni di utilizzo e rischi per i praticanti"
FAB-58,"Sport, attività fisica e promozione della salute attraverso il movimento",DC-SZ-058-01,1,Qual è la carenza di strutture sportive nel territorio?,radio,offerta_incompleta,Solo alcune discipline — mancano impianti per sport diffusi,"L'offerta impiantistica è incompleta: sono presenti strutture per alcune discipline, ma mancano impianti per sport ad alta domanda (piscina, palazzetto, campi polivalenti)"
FAB-58,"Sport, attività fisica e promozione della salute attraverso il movimento",DC-SZ-058-01,1,Qual è la carenza di strutture sportive nel territorio?,radio,fruizione_libera,Mancano spazi per l'attività fisica libera e non agonistica,"Il territorio è carente di spazi per l'attività fisica libera e non agonistica (percorsi fitness, aree attrezzate nei parchi, piste podistiche), limitando la promozione di stili di vita attivi"
FAB-58,"Sport, attività fisica e promozione della salute attraverso il movimento",DC-SZ-058-02,2,L'inadeguatezza delle strutture sportive produce effetti sulla comunità?,checkbox,sedentarieta,Tassi di sedentarietà elevati nella popolazione,"tassi di sedentarietà elevati nella popolazione, in particolare tra gli anziani e i giovani, con impatto sulla salute pubblica"
FAB-58,"Sport, attività fisica e promozione della salute attraverso il movimento",DC-SZ-058-02,2,L'inadeguatezza delle strutture sportive produce effetti sulla comunità?,checkbox,societa_sportive,Società sportive in difficoltà per mancanza di spazi,società sportive locali in difficoltà per l'impossibilità di accedere a spazi adeguati per allenamenti e competizioni
FAB-58,"Sport, attività fisica e promozione della salute attraverso il movimento",DC-SZ-058-02,2,L'inadeguatezza delle strutture sportive produce effetti sulla comunità?,checkbox,minori_esclusi,Minori esclusi dalla pratica sportiva per costi o distanze,minori esclusi dalla pratica sportiva per i costi delle strutture private o per le distanze dagli impianti disponibili
FAB-58,"Sport, attività fisica e promozione della salute attraverso il movimento",DC-SZ-058-02,2,L'inadeguatezza delle strutture sportive produce effetti sulla comunità?,checkbox,aggregazione,Perdita di una funzione di aggregazione sociale,"la perdita della funzione di aggregazione sociale che gli impianti sportivi svolgono, in particolare per i giovani e le periferie"
FAB-59,"Qualità degli spazi pubblici urbani, arredo e servizi civici",DC-SZ-059-01,1,Qual è la criticità degli spazi pubblici urbani nel territorio?,radio,piazze_degradate,"Piazze e spazi centrali degradati, usati solo come parcheggio","Le piazze e gli spazi pubblici centrali del territorio sono degradati, privi di arredi e occupati prevalentemente da auto in sosta, avendo perso la funzione di luogo di incontro e socialità"
FAB-59,"Qualità degli spazi pubblici urbani, arredo e servizi civici",DC-SZ-059-01,1,Qual è la criticità degli spazi pubblici urbani nel territorio?,radio,periferie,Periferie prive di spazi pubblici qualificati,I quartieri periferici del territorio sono privi di spazi pubblici qualificati; il tessuto urbano è dominato dall'edilizia residenziale senza luoghi di socialità e identità collettiva
FAB-59,"Qualità degli spazi pubblici urbani, arredo e servizi civici",DC-SZ-059-01,1,Qual è la criticità degli spazi pubblici urbani nel territorio?,radio,accessibilita,Spazi esistenti non accessibili a persone con disabilità motoria,"Gli spazi pubblici esistenti presentano barriere architettoniche che ne impediscono la fruizione da parte di persone con disabilità motoria, anziani e famiglie con bambini piccoli"
FAB-59,"Qualità degli spazi pubblici urbani, arredo e servizi civici",DC-SZ-059-01,1,Qual è la criticità degli spazi pubblici urbani nel territorio?,radio,illuminazione,Illuminazione pubblica carente con percezione di insicurezza,"L'illuminazione pubblica è carente e obsoleta, contribuendo a una percezione diffusa di insicurezza che scoraggia la frequentazione degli spazi pubblici nelle ore serali"
FAB-59,"Qualità degli spazi pubblici urbani, arredo e servizi civici",DC-SZ-059-02,2,L'intervento sugli spazi pubblici si inserisce in un progetto più ampio di rigenerazione?,radio,piano_organico,Sì — fa parte di un piano di rigenerazione urbana più ampio,"L'intervento sugli spazi pubblici si inserisce in un più ampio progetto di rigenerazione urbana del quartiere o del centro storico, con effetti attesi anche sul tessuto commerciale e sulla residenzialità"
FAB-59,"Qualità degli spazi pubblici urbani, arredo e servizi civici",DC-SZ-059-02,2,L'intervento sugli spazi pubblici si inserisce in un progetto più ampio di rigenerazione?,radio,intervento_puntuale,No — è un intervento puntuale su uno spazio specifico,"L'intervento è puntuale e riguarda la riqualificazione di uno spazio pubblico specifico, la cui inadeguatezza è stata segnalata come prioritaria dalla comunità"
FAB-59,"Qualità degli spazi pubblici urbani, arredo e servizi civici",DC-SZ-059-02,2,L'intervento sugli spazi pubblici si inserisce in un progetto più ampio di rigenerazione?,radio,complementare,"È complementare a un altro intervento già finanziato (viabilità, edilizia)","L'intervento è complementare a un'opera già finanziata (riqualificazione viaria, edilizia scolastica, trasporto pubblico) e ne completa l'impatto sulla vivibilità urbana"
FAB-60,"Sicurezza urbana, ordine pubblico e controllo del territorio",DC-SZ-060-01,1,Qual è la criticità di sicurezza urbana che motiva l'intervento?,radio,criminalita,"Aumento di furti, vandalismi o reati predatori nel territorio","Il territorio registra un aumento dei reati predatori (furti, scippi, vandalismi), con una percezione di insicurezza che incide sulla qualità della vita dei residenti e sulla vitalità delle attività commerciali"
FAB-60,"Sicurezza urbana, ordine pubblico e controllo del territorio",DC-SZ-060-01,1,Qual è la criticità di sicurezza urbana che motiva l'intervento?,radio,degrado_aree,Aree specifiche degradate con concentrazione di fenomeni di marginalità,"Alcune aree del territorio concentrano fenomeni di marginalità, degrado e microcriminalità, diventando zone percepite come insicure e progressivamente abbandonate dai residenti e dalle attività"
FAB-60,"Sicurezza urbana, ordine pubblico e controllo del territorio",DC-SZ-060-01,1,Qual è la criticità di sicurezza urbana che motiva l'intervento?,radio,sorveglianza_assente,Assenza di sistemi di videosorveglianza nei punti critici,"I punti critici del territorio (piazze, parcheggi, accessi, aree scolastiche) sono privi di sistemi di videosorveglianza, limitando l'attività di prevenzione e di indagine delle forze dell'ordine"
FAB-60,"Sicurezza urbana, ordine pubblico e controllo del territorio",DC-SZ-060-02,2,L'ente ha già adottato misure di sicurezza urbana?,radio,patto_sicurezza,Sì — patto per la sicurezza sottoscritto con la Prefettura,"L'ente ha sottoscritto un patto per la sicurezza urbana con la Prefettura, che prevede l'installazione di sistemi di videosorveglianza e il potenziamento dell'illuminazione come azioni prioritarie"
FAB-60,"Sicurezza urbana, ordine pubblico e controllo del territorio",DC-SZ-060-02,2,L'ente ha già adottato misure di sicurezza urbana?,radio,misure_parziali,"Sì — illuminazione e presenza sul territorio, ma insufficienti","L'ente ha adottato misure parziali (potenziamento dell'illuminazione, aumento della presenza della polizia municipale) che si sono rivelate insufficienti a invertire il trend di insicurezza"
FAB-60,"Sicurezza urbana, ordine pubblico e controllo del territorio",DC-SZ-060-02,2,L'ente ha già adottato misure di sicurezza urbana?,radio,nessuna_misura,No — la situazione si è aggravata senza interventi,"La situazione di insicurezza si è aggravata negli anni senza che siano state adottate misure strutturali, con un deterioramento progressivo della vivibilità delle aree interessate"
FAB-61,Connettività digitale del territorio (banda larga e ultra-larga),DC-SZ-061-01,1,Qual è la situazione della connettività digitale nel territorio?,radio,banda_assente,Banda larga assente — aree del territorio senza copertura,"Aree significative del territorio sono prive di copertura a banda larga, costringendo residenti e imprese a operare con connessioni insufficienti per le esigenze attuali"
FAB-61,Connettività digitale del territorio (banda larga e ultra-larga),DC-SZ-061-01,1,Qual è la situazione della connettività digitale nel territorio?,radio,adsl_solo,Solo ADSL — velocità insufficienti per lavoro e servizi digitali,"Il territorio è coperto solo da connessioni ADSL con velocità insufficienti per il lavoro remoto, la didattica a distanza, i servizi digitali della PA e le esigenze delle imprese"
FAB-61,Connettività digitale del territorio (banda larga e ultra-larga),DC-SZ-061-01,1,Qual è la situazione della connettività digitale nel territorio?,radio,fibra_parziale,Fibra disponibile solo nel centro — frazioni e aree produttive escluse,"La fibra ottica è disponibile solo nel nucleo urbano principale; le frazioni, le aree rurali e le zone produttive restano escluse, con un digital divide interno al territorio"
FAB-61,Connettività digitale del territorio (banda larga e ultra-larga),DC-SZ-061-01,1,Qual è la situazione della connettività digitale nel territorio?,radio,mobile_carente,Copertura mobile (4G/5G) carente in aree del territorio,"La copertura mobile è carente in porzioni del territorio, con zone d'ombra dove il segnale è assente o insufficiente anche per le comunicazioni vocali"
FAB-61,Connettività digitale del territorio (banda larga e ultra-larga),DC-SZ-061-02,2,Il digital divide produce effetti concreti sulla vita del territorio?,checkbox,lavoro_remoto,Impossibilità di lavorare da remoto per i residenti,"l'impossibilità per i residenti di lavorare da remoto, in un contesto in cui lo smart working rappresenta un'opportunità di ripopolamento delle aree interne"
FAB-61,Connettività digitale del territorio (banda larga e ultra-larga),DC-SZ-061-02,2,Il digital divide produce effetti concreti sulla vita del territorio?,checkbox,imprese,Imprese penalizzate dalla mancanza di connettività adeguata,"imprese penalizzate dalla mancanza di connettività adeguata per l'utilizzo di servizi cloud, e-commerce e comunicazioni con clienti e fornitori"
FAB-61,Connettività digitale del territorio (banda larga e ultra-larga),DC-SZ-061-02,2,Il digital divide produce effetti concreti sulla vita del territorio?,checkbox,servizi_pa,Cittadini esclusi dai servizi digitali della PA,"cittadini esclusi dall'accesso ai servizi digitali della pubblica amministrazione (SPID, fascicolo sanitario, pagamenti online)"
FAB-61,Connettività digitale del territorio (banda larga e ultra-larga),DC-SZ-061-02,2,Il digital divide produce effetti concreti sulla vita del territorio?,checkbox,scuola,Studenti penalizzati nella didattica digitale e nello studio,studenti penalizzati nell'accesso alla didattica digitale e nelle attività di studio che richiedono connessione internet
FAB-62,Digitalizzazione dei servizi pubblici e smart city,DC-SZ-062-01,1,Qual è lo stato della digitalizzazione dei servizi dell'ente?,radio,analogico,"Servizi ancora prevalentemente analogici (sportello fisico, carta)","I servizi dell'ente sono ancora prevalentemente erogati in modalità analogica, con necessità di accesso allo sportello fisico e modulistica cartacea, generando code, ritardi e costi sia per l'ente che per i cittadini"
FAB-62,Digitalizzazione dei servizi pubblici e smart city,DC-SZ-062-01,1,Qual è lo stato della digitalizzazione dei servizi dell'ente?,radio,parziale,Digitalizzazione parziale — solo alcuni servizi online,"La digitalizzazione è parziale: alcuni servizi sono accessibili online, ma la maggior parte richiede ancora l'accesso fisico o presenta procedure miste cartaceo-digitale che ne complicano la fruizione"
FAB-62,Digitalizzazione dei servizi pubblici e smart city,DC-SZ-062-01,1,Qual è lo stato della digitalizzazione dei servizi dell'ente?,radio,non_interoperabile,Sistemi digitali presenti ma non interoperabili tra loro,"L'ente dispone di sistemi informativi per diversi settori, ma non sono interoperabili: i dati non circolano tra gli uffici, costringendo i cittadini a fornire le stesse informazioni più volte"
FAB-62,Digitalizzazione dei servizi pubblici e smart city,DC-SZ-062-02,2,Quali obblighi normativi di digitalizzazione sono attualmente non soddisfatti?,checkbox,pagopa,PagoPA non ancora implementato per tutti i servizi,"il sistema PagoPA non è ancora implementato per la totalità dei servizi a pagamento dell'ente, come richiesto dalla normativa"
FAB-62,Digitalizzazione dei servizi pubblici e smart city,DC-SZ-062-02,2,Quali obblighi normativi di digitalizzazione sono attualmente non soddisfatti?,checkbox,spid_cie,Accesso con SPID/CIE non disponibile sui servizi online,"l'accesso con SPID e CIE non è disponibile sulla totalità dei servizi online dell'ente, in violazione degli obblighi normativi"
FAB-62,Digitalizzazione dei servizi pubblici e smart city,DC-SZ-062-02,2,Quali obblighi normativi di digitalizzazione sono attualmente non soddisfatti?,checkbox,app_io,Servizi non ancora integrati con l'app IO,i servizi dell'ente non sono ancora integrati con l'app IO per le comunicazioni e i pagamenti al cittadino
FAB-62,Digitalizzazione dei servizi pubblici e smart city,DC-SZ-062-02,2,Quali obblighi normativi di digitalizzazione sono attualmente non soddisfatti?,checkbox,accessibilita_digitale,Sito e servizi non conformi alle linee guida AGID di accessibilità,"il sito istituzionale e i servizi digitali non sono conformi alle linee guida AGID in materia di accessibilità, escludendo utenti con disabilità"
FAB-63,"Capacità organizzativa, modernizzazione e rafforzamento della PA locale",DC-SZ-063-01,1,Qual è la criticità principale della macchina amministrativa dell'ente?,radio,personale,Carenza di personale e competenze per gestire i processi,"L'ente soffre di una carenza cronica di personale e di competenze specialistiche, con organici ridotti dal blocco del turnover e profili professionali non aggiornati rispetto alle complessità normative e tecnologiche attuali"
FAB-63,"Capacità organizzativa, modernizzazione e rafforzamento della PA locale",DC-SZ-063-01,1,Qual è la criticità principale della macchina amministrativa dell'ente?,radio,sedi,"Sedi di lavoro inadeguate (spazi, impianti, attrezzature)","Le sedi di lavoro dell'ente sono inadeguate: spazi angusti, impianti obsoleti, attrezzature informatiche vetuste che riducono la produttività e l'attrattività dell'ente come datore di lavoro"
FAB-63,"Capacità organizzativa, modernizzazione e rafforzamento della PA locale",DC-SZ-063-01,1,Qual è la criticità principale della macchina amministrativa dell'ente?,radio,processi,Processi amministrativi farraginosi e non digitalizzati,"I processi amministrativi sono farraginosi, basati su procedure manuali e passaggi cartacei che allungano i tempi di risposta e aumentano il rischio di errori"
FAB-63,"Capacità organizzativa, modernizzazione e rafforzamento della PA locale",DC-SZ-063-01,1,Qual è la criticità principale della macchina amministrativa dell'ente?,radio,sicurezza_it,Infrastruttura IT obsoleta e vulnerabile,"L'infrastruttura IT dell'ente è obsoleta e vulnerabile, con sistemi operativi non aggiornati, backup inadeguati e assenza di misure di cybersecurity conformi alle linee guida AGID"
FAB-63,"Capacità organizzativa, modernizzazione e rafforzamento della PA locale",DC-SZ-063-02,2,L'inadeguatezza della macchina amministrativa produce effetti sul servizio al cittadino?,checkbox,tempi_lunghi,Tempi di risposta alle pratiche molto lunghi,"tempi di risposta alle pratiche significativamente superiori alla media, con ritardi nella concessione di autorizzazioni, permessi e certificati"
FAB-63,"Capacità organizzativa, modernizzazione e rafforzamento della PA locale",DC-SZ-063-02,2,L'inadeguatezza della macchina amministrativa produce effetti sul servizio al cittadino?,checkbox,fondi_persi,Difficoltà a partecipare a bandi e gestire finanziamenti,"difficoltà strutturali nel partecipare a bandi di finanziamento e nel gestire i fondi ottenuti, con rischio di restituzione delle somme per mancato rispetto delle tempistiche"
FAB-63,"Capacità organizzativa, modernizzazione e rafforzamento della PA locale",DC-SZ-063-02,2,L'inadeguatezza della macchina amministrativa produce effetti sul servizio al cittadino?,checkbox,errori,Errori nelle procedure con contenziosi e ricorsi,"un tasso di errore nelle procedure amministrative che genera contenziosi, ricorsi e annullamenti, con costi legali e perdita di credibilità dell'ente"
FAB-63,"Capacità organizzativa, modernizzazione e rafforzamento della PA locale",DC-SZ-063-02,2,L'inadeguatezza della macchina amministrativa produce effetti sul servizio al cittadino?,checkbox,trasparenza,Inadempimenti in materia di trasparenza e anticorruzione,"inadempimenti ricorrenti in materia di trasparenza amministrativa e prevenzione della corruzione, con segnalazioni dell'ANAC e rischi sanzionatori"
