{"type":"FeatureCollection","features":[{"type":"Feature","properties":{"NUTS_ID":"ITC11","LEVL_CODE":3,"CNTR_CODE":"IT","NAME_LATN":"Torino","NUTS_NAME":"Torino","MOUNT_TYPE":1,"URBN_TYPE":1,"COAST_TYPE":null,"NAME_ENGL":"Italy","NAME_FREN":"Italie","ISO3_CODE":"ITA","SVRG_UN":"UN Member State","CAPT":"Rome","EU_STAT":"T","EFTA_STAT":"F","CC_STAT":"F","NAME_GERM":"Italien"},"geometry":{"type":"MultiPolygon","coordinates":[[[[7.06575512400002,44.713464403000046],[6.988237221000077,44.835134578000066],[6.775591579000036,44.89967573200005],[6.63005092800006,45.10985657900005],[7.09437037500004,45.23126143300004],[7.164300076000075,45.399440466000044],[7.104722952000031,45.46845437400003],[7.510880898000039,45.581828288000054],[7.895810862000076,45.59002796800007],[8.027011823000066,45.40309263200004],[7.998891958000058,45.23680664300008],[8.151933320000069,45.168558663000056],[8.12898653700006,45.12299586600005],[7.92822239700007,45.08550950500006],[7.901583789000028,44.90116783600007],[7.943386543000031,44.84630553100004],[7.06575512400002,44.713464403000046]]]]}},{"type":"Feature","properties":{"NUTS_ID":"ITC12","LEVL_CODE":3,"CNTR_CODE":"IT","NAME_LATN":"Vercelli","NUTS_NAME":"Vercelli","MOUNT_TYPE":null,"URBN_TYPE":3,"COAST_TYPE":null,"NAME_ENGL":"Italy","NAME_FREN":"Italie","ISO3_CODE":"ITA","SVRG_UN":"UN Member State","CAPT":"Rome","EU_STAT":"T","EFTA_STAT":"F","CC_STAT":"F","NAME_GERM":"Italien"},"geometry":{"type":"MultiPolygon","coordinates":[[[[8.151933320000069,45.168558663000056],[7.998891958000058,45.23680664300008],[8.027011823000066,45.40309263200004],[8.127187741000057,45.390944631000025],[8.219378483000071,45.45965702500007],[8.271300017000044,45.65578973800007],[8.125791504000063,45.747246063000034],[7.936649094000074,45.72434063000003],[7.864076428000033,45.91675042500003],[7.877137290000064,45.926955141000064],[8.212554289000025,45.93143887100007],[8.349896958000045,45.772373996000056],[8.408186490000048,45.44566941100004],[8.513538561000075,45.31339559800006],[8.547813848000033,45.16807921900005],[8.151933320000069,45.168558663000056]]]]}},{"type":"Feature","properties":{"NUTS_ID":"ITC13","LEVL_CODE":3,"CNTR_CODE":"IT","NAME_LATN":"Biella","NUTS_NAME":"Biella","MOUNT_TYPE":1,"URBN_TYPE":2,"COAST_TYPE":null,"NAME_ENGL":"Italy","NAME_FREN":"Italie","ISO3_CODE":"ITA","SVRG_UN":"UN Member State","CAPT":"Rome","EU_STAT":"T","EFTA_STAT":"F","CC_STAT":"F","NAME_GERM":"Italien"},"geometry":{"type":"MultiPolygon","coordinates":[[[[7.895810862000076,45.59002796800007],[7.936649094000074,45.72434063000003],[8.125791504000063,45.747246063000034],[8.271300017000044,45.65578973800007],[8.219378483000071,45.45965702500007],[8.127187741000057,45.390944631000025],[8.027011823000066,45.40309263200004],[7.895810862000076,45.59002796800007]]]]}},{"type":"Feature","properties":{"NUTS_ID":"ITC14","LEVL_CODE":3,"CNTR_CODE":"IT","NAME_LATN":"Verbano-Cusio-Ossola","NUTS_NAME":"Verbano-Cusio-Ossola","MOUNT_TYPE":1,"URBN_TYPE":2,"COAST_TYPE":null,"NAME_ENGL":"Italy","NAME_FREN":"Italie","ISO3_CODE":"ITA","SVRG_UN":"UN Member State","CAPT":"Rome","EU_STAT":"T","EFTA_STAT":"F","CC_STAT":"F","NAME_GERM":"Italien"},"geometry":{"type":"MultiPolygon","coordinates":[[[[7.877137290000064,45.926955141000064],[8.135858342000063,46.148363018000055],[8.13019756400007,46.27494213700004],[8.38471693400004,46.45215856900006],[8.457142174000069,46.42073426800005],[8.463298231000067,46.25101409100006],[8.713935971000069,46.097271953000075],[8.59381109800006,45.82822513100007],[8.45566066300006,45.86053768800008],[8.349896958000045,45.772373996000056],[8.212554289000025,45.93143887100007],[7.877137290000064,45.926955141000064]]]]}},{"type":"Feature","properties":{"NUTS_ID":"ITC15","LEVL_CODE":3,"CNTR_CODE":"IT","NAME_LATN":"Novara","NUTS_NAME":"Novara","MOUNT_TYPE":null,"URBN_TYPE":2,"COAST_TYPE":null,"NAME_ENGL":"Italy","NAME_FREN":"Italie","ISO3_CODE":"ITA","SVRG_UN":"UN Member State","CAPT":"Rome","EU_STAT":"T","EFTA_STAT":"F","CC_STAT":"F","NAME_GERM":"Italien"},"geometry":{"type":"MultiPolygon","coordinates":[[[[8.349896958000045,45.772373996000056],[8.45566066300006,45.86053768800008],[8.59381109800006,45.82822513100007],[8.579161751000072,45.766776538000045],[8.706896361000076,45.55831602400008],[8.842915421000043,45.393840999000076],[8.696842264000054,45.30720062100005],[8.513538561000075,45.31339559800006],[8.408186490000048,45.44566941100004],[8.349896958000045,45.772373996000056]]]]}},{"type":"Feature","properties":{"NUTS_ID":"ITC16","LEVL_CODE":3,"CNTR_CODE":"IT","NAME_LATN":"Cuneo","NUTS_NAME":"Cuneo","MOUNT_TYPE":1,"URBN_TYPE":3,"COAST_TYPE":null,"NAME_ENGL":"Italy","NAME_FREN":"Italie","ISO3_CODE":"ITA","SVRG_UN":"UN Member State","CAPT":"Rome","EU_STAT":"T","EFTA_STAT":"F","CC_STAT":"F","NAME_GERM":"Italien"},"geometry":{"type":"MultiPolygon","coordinates":[[[[6.887427980000041,44.36128689800006],[6.948443099000031,44.65474198900006],[7.06575512400002,44.713464403000046],[7.943386543000031,44.84630553100004],[8.222080661000064,44.71572702900005],[8.252819255000077,44.52874061700004],[8.015629579000063,44.11067645800006],[7.781202814000039,44.12850113500008],[7.714236357000061,44.06151361700006],[7.661688243000071,44.16187197900007],[7.311136334000025,44.138303689000054],[7.023372451000057,44.23917702500006],[6.887427980000041,44.36128689800006]]]]}},{"type":"Feature","properties":{"NUTS_ID":"ITC17","LEVL_CODE":3,"CNTR_CODE":"IT","NAME_LATN":"Asti","NUTS_NAME":"Asti","MOUNT_TYPE":null,"URBN_TYPE":3,"COAST_TYPE":null,"NAME_ENGL":"Italy","NAME_FREN":"Italie","ISO3_CODE":"ITA","SVRG_UN":"UN Member State","CAPT":"Rome","EU_STAT":"T","EFTA_STAT":"F","CC_STAT":"F","NAME_GERM":"Italien"},"geometry":{"type":"MultiPolygon","coordinates":[[[[8.252819255000077,44.52874061700004],[8.222080661000064,44.71572702900005],[7.943386543000031,44.84630553100004],[7.901583789000028,44.90116783600007],[7.92822239700007,45.08550950500006],[8.12898653700006,45.12299586600005],[8.180953609000028,45.029200392000064],[8.341434211000035,45.020032506000064],[8.47539921400005,44.783541298000046],[8.261600723000072,44.51945933700006],[8.252819255000077,44.52874061700004]]]]}},{"type":"Feature","properties":{"NUTS_ID":"ITC18","LEVL_CODE":3,"CNTR_CODE":"IT","NAME_LATN":"Alessandria","NUTS_NAME":"Alessandria","MOUNT_TYPE":null,"URBN_TYPE":2,"COAST_TYPE":null,"NAME_ENGL":"Italy","NAME_FREN":"Italie","ISO3_CODE":"ITA","SVRG_UN":"UN Member State","CAPT":"Rome","EU_STAT":"T","EFTA_STAT":"F","CC_STAT":"F","NAME_GERM":"Italien"},"geometry":{"type":"MultiPolygon","coordinates":[[[[8.261600723000072,44.51945933700006],[8.47539921400005,44.783541298000046],[8.341434211000035,45.020032506000064],[8.180953609000028,45.029200392000064],[8.12898653700006,45.12299586600005],[8.151933320000069,45.168558663000056],[8.547813848000033,45.16807921900005],[8.673872021000022,45.03212462000005],[8.887464580000028,45.03565523300006],[9.18213379100007,44.77851211800004],[9.20007414500003,44.68609933600004],[9.202995372000032,44.613476553000055],[9.122032596000054,44.59001833900004],[8.943018704000053,44.66664710600003],[8.884412915000041,44.56539717700008],[8.652689456000076,44.58004690200005],[8.576181855000073,44.509205844000064],[8.261600723000072,44.51945933700006]]]]}},{"type":"Feature","properties":{"NUTS_ID":"ITC20","LEVL_CODE":3,"CNTR_CODE":"IT","NAME_LATN":"Valle d’Aosta/Vallée d’Aoste","NUTS_NAME":"Valle d’Aosta/Vallée d’Aoste","MOUNT_TYPE":1,"URBN_TYPE":2,"COAST_TYPE":null,"NAME_ENGL":"Italy","NAME_FREN":"Italie","ISO3_CODE":"ITA","SVRG_UN":"UN Member State","CAPT":"Rome","EU_STAT":"T","EFTA_STAT":"F","CC_STAT":"F","NAME_GERM":"Italien"},"geometry":{"type":"MultiPolygon","coordinates":[[[[7.104722952000031,45.46845437400003],[7.011885748000054,45.51196720000007],[6.980786422000051,45.62745553000008],[6.802368308000041,45.77856200800005],[7.044886013000053,45.92241307200004],[7.164979386000027,45.86269636500003],[7.589798320000057,45.97978715200003],[7.864076428000033,45.91675042500003],[7.936649094000074,45.72434063000003],[7.895810862000076,45.59002796800007],[7.510880898000039,45.581828288000054],[7.104722952000031,45.46845437400003]]]]}},{"type":"Feature","properties":{"NUTS_ID":"ITC31","LEVL_CODE":3,"CNTR_CODE":"IT","NAME_LATN":"Imperia","NUTS_NAME":"Imperia","MOUNT_TYPE":1,"URBN_TYPE":1,"COAST_TYPE":1,"NAME_ENGL":"Italy","NAME_FREN":"Italie","ISO3_CODE":"ITA","SVRG_UN":"UN Member State","CAPT":"Rome","EU_STAT":"T","EFTA_STAT":"F","CC_STAT":"F","NAME_GERM":"Italien"},"geometry":{"type":"MultiPolygon","coordinates":[[[[7.529860025000062,43.78401301800005],[7.523637345000054,43.89100293900003],[7.714236357000061,44.06151361700006],[7.781202814000039,44.12850113500008],[8.015629579000063,44.11067645800006],[8.009991541000034,44.01083673000005],[8.135350904000063,43.938940426000045],[7.954569606000064,43.851436954000064],[7.529860025000062,43.78401301800005]]]]}},{"type":"Feature","properties":{"NUTS_ID":"ITC32","LEVL_CODE":3,"CNTR_CODE":"IT","NAME_LATN":"Savona","NUTS_NAME":"Savona","MOUNT_TYPE":1,"URBN_TYPE":2,"COAST_TYPE":1,"NAME_ENGL":"Italy","NAME_FREN":"Italie","ISO3_CODE":"ITA","SVRG_UN":"UN Member State","CAPT":"Rome","EU_STAT":"T","EFTA_STAT":"F","CC_STAT":"F","NAME_GERM":"Italien"},"geometry":{"type":"MultiPolygon","coordinates":[[[[8.135350904000063,43.938940426000045],[8.009991541000034,44.01083673000005],[8.015629579000063,44.11067645800006],[8.252819255000077,44.52874061700004],[8.261600723000072,44.51945933700006],[8.576181855000073,44.509205844000064],[8.649883551000073,44.482105044000036],[8.633010367000054,44.379803535000065],[8.274538421000045,44.12822969600006],[8.135350904000063,43.938940426000045]]]]}},{"type":"Feature","properties":{"NUTS_ID":"ITC33","LEVL_CODE":3,"CNTR_CODE":"IT","NAME_LATN":"Genova","NUTS_NAME":"Genova","MOUNT_TYPE":1,"URBN_TYPE":1,"COAST_TYPE":1,"NAME_ENGL":"Italy","NAME_FREN":"Italie","ISO3_CODE":"ITA","SVRG_UN":"UN Member State","CAPT":"Rome","EU_STAT":"T","EFTA_STAT":"F","CC_STAT":"F","NAME_GERM":"Italien"},"geometry":{"type":"MultiPolygon","coordinates":[[[[8.633010367000054,44.379803535000065],[8.649883551000073,44.482105044000036],[8.576181855000073,44.509205844000064],[8.652689456000076,44.58004690200005],[8.884412915000041,44.56539717700008],[8.943018704000053,44.66664710600003],[9.122032596000054,44.59001833900004],[9.202995372000032,44.613476553000055],[9.493362950000062,44.55585892900007],[9.479059480000046,44.409240655000076],[9.551185329000077,44.27100793900007],[9.51134379900003,44.21667556700004],[9.081010971000069,44.36998723000005],[8.774266924000074,44.419022280000036],[8.633010367000054,44.379803535000065]]]]}},{"type":"Feature","properties":{"NUTS_ID":"ITC34","LEVL_CODE":3,"CNTR_CODE":"IT","NAME_LATN":"La Spezia","NUTS_NAME":"La Spezia","MOUNT_TYPE":1,"URBN_TYPE":1,"COAST_TYPE":1,"NAME_ENGL":"Italy","NAME_FREN":"Italie","ISO3_CODE":"ITA","SVRG_UN":"UN Member State","CAPT":"Rome","EU_STAT":"T","EFTA_STAT":"F","CC_STAT":"F","NAME_GERM":"Italien"},"geometry":{"type":"MultiPolygon","coordinates":[[[[9.51134379900003,44.21667556700004],[9.551185329000077,44.27100793900007],[9.479059480000046,44.409240655000076],[9.593792105000034,44.424653024000065],[9.686725744000057,44.36592187300005],[10.042168493000077,44.09026705400004],[10.01876966900005,44.04453592200008],[9.793183438000028,44.07230781100003],[9.51134379900003,44.21667556700004]]]]}},{"type":"Feature","properties":{"NUTS_ID":"ITC41","LEVL_CODE":3,"CNTR_CODE":"IT","NAME_LATN":"Varese","NUTS_NAME":"Varese","MOUNT_TYPE":null,"URBN_TYPE":1,"COAST_TYPE":null,"NAME_ENGL":"Italy","NAME_FREN":"Italie","ISO3_CODE":"ITA","SVRG_UN":"UN Member State","CAPT":"Rome","EU_STAT":"T","EFTA_STAT":"F","CC_STAT":"F","NAME_GERM":"Italien"},"geometry":{"type":"MultiPolygon","coordinates":[[[[8.713935971000069,46.097271953000075],[8.825443814000039,46.06947489300006],[8.809260428000073,45.99551218400006],[8.912914089000026,45.91862161800003],[8.912146832000076,45.83044508000006],[8.950464501000056,45.66321981800007],[9.055754887000035,45.64650388800004],[9.052902084000038,45.62319360600003],[8.706896361000076,45.55831602400008],[8.579161751000072,45.766776538000045],[8.59381109800006,45.82822513100007],[8.713935971000069,46.097271953000075]]]]}},{"type":"Feature","properties":{"NUTS_ID":"ITC42","LEVL_CODE":3,"CNTR_CODE":"IT","NAME_LATN":"Como","NUTS_NAME":"Como","MOUNT_TYPE":1,"URBN_TYPE":1,"COAST_TYPE":null,"NAME_ENGL":"Italy","NAME_FREN":"Italie","ISO3_CODE":"ITA","SVRG_UN":"UN Member State","CAPT":"Rome","EU_STAT":"T","EFTA_STAT":"F","CC_STAT":"F","NAME_GERM":"Italien"},"geometry":{"type":"MultiPolygon","coordinates":[[[[9.414123256000039,46.13686955700007],[9.292146247000062,46.08259681900006],[9.310981370000036,45.85234945800005],[9.24713889900005,45.74265194600008],[9.055754887000035,45.64650388800004],[8.950464501000056,45.66321981800007],[8.912146832000076,45.83044508000006],[9.057613340000046,45.86055179900006],[9.011459099000035,46.01392867700008],[9.159377255000038,46.169600830000036],[9.24853133800002,46.23376786000006],[9.395310383000037,46.20803567400003],[9.414123256000039,46.13686955700007]]]]}},{"type":"Feature","properties":{"NUTS_ID":"ITC43","LEVL_CODE":3,"CNTR_CODE":"IT","NAME_LATN":"Lecco","NUTS_NAME":"Lecco","MOUNT_TYPE":1,"URBN_TYPE":1,"COAST_TYPE":null,"NAME_ENGL":"Italy","NAME_FREN":"Italie","ISO3_CODE":"ITA","SVRG_UN":"UN Member State","CAPT":"Rome","EU_STAT":"T","EFTA_STAT":"F","CC_STAT":"F","NAME_GERM":"Italien"},"geometry":{"type":"MultiPolygon","coordinates":[[[[9.476587750000022,45.66924850600003],[9.325168251000036,45.67030906100007],[9.24713889900005,45.74265194600008],[9.310981370000036,45.85234945800005],[9.292146247000062,46.08259681900006],[9.414123256000039,46.13686955700007],[9.526920841000049,46.01150983000008],[9.476587750000022,45.66924850600003]]]]}},{"type":"Feature","properties":{"NUTS_ID":"ITC44","LEVL_CODE":3,"CNTR_CODE":"IT","NAME_LATN":"Sondrio","NUTS_NAME":"Sondrio","MOUNT_TYPE":1,"URBN_TYPE":2,"COAST_TYPE":null,"NAME_ENGL":"Italy","NAME_FREN":"Italie","ISO3_CODE":"ITA","SVRG_UN":"UN Member State","CAPT":"Rome","EU_STAT":"T","EFTA_STAT":"F","CC_STAT":"F","NAME_GERM":"Italien"},"geometry":{"type":"MultiPolygon","coordinates":[[[[10.169590087000074,46.05705358700004],[9.681802965000031,46.06018947600006],[9.526920841000049,46.01150983000008],[9.414123256000039,46.13686955700007],[9.395310383000037,46.20803567400003],[9.24853133800002,46.23376786000006],[9.263576577000038,46.45324884900003],[9.317495114000053,46.49636046400008],[9.438267698000061,46.47937397700008],[9.546284512000057,46.316006669000046],[9.696925689000068,46.299869966000074],[9.91501254600007,46.36967922800005],[10.097203281000077,46.23758351400005],[10.153615760000037,46.27052480800006],[10.131632639000031,46.39743267600005],[10.048212120000073,46.47313817400004],[10.084912315000054,46.570596299000044],[10.20888522100006,46.62174747300003],[10.452801186000045,46.53068305700003],[10.622145398000043,46.44810188900004],[10.515751636000061,46.343224485000064],[10.190779074000034,46.168985371000076],[10.169590087000074,46.05705358700004]]]]}},{"type":"Feature","properties":{"NUTS_ID":"ITC46","LEVL_CODE":3,"CNTR_CODE":"IT","NAME_LATN":"Bergamo","NUTS_NAME":"Bergamo","MOUNT_TYPE":1,"URBN_TYPE":1,"COAST_TYPE":null,"NAME_ENGL":"Italy","NAME_FREN":"Italie","ISO3_CODE":"ITA","SVRG_UN":"UN Member State","CAPT":"Rome","EU_STAT":"T","EFTA_STAT":"F","CC_STAT":"F","NAME_GERM":"Italien"},"geometry":{"type":"MultiPolygon","coordinates":[[[[9.519206986000029,45.504481989000055],[9.49587113900003,45.63970412200007],[9.476587750000022,45.66924850600003],[9.526920841000049,46.01150983000008],[9.681802965000031,46.06018947600006],[10.169590087000074,46.05705358700004],[10.208943368000064,46.01488567100006],[10.11785638300006,45.93239826800004],[10.050907557000073,45.70062204700008],[9.859489838000059,45.565259051000055],[9.88963833500003,45.427335164000056],[9.519206986000029,45.504481989000055]]]]}},{"type":"Feature","properties":{"NUTS_ID":"ITC47","LEVL_CODE":3,"CNTR_CODE":"IT","NAME_LATN":"Brescia","NUTS_NAME":"Brescia","MOUNT_TYPE":1,"URBN_TYPE":1,"COAST_TYPE":null,"NAME_ENGL":"Italy","NAME_FREN":"Italie","ISO3_CODE":"ITA","SVRG_UN":"UN Member State","CAPT":"Rome","EU_STAT":"T","EFTA_STAT":"F","CC_STAT":"F","NAME_GERM":"Italien"},"geometry":{"type":"MultiPolygon","coordinates":[[[[10.317723071000046,45.20471594600008],[9.948712045000036,45.31735524700008],[9.88963833500003,45.427335164000056],[9.859489838000059,45.565259051000055],[10.050907557000073,45.70062204700008],[10.11785638300006,45.93239826800004],[10.208943368000064,46.01488567100006],[10.169590087000074,46.05705358700004],[10.190779074000034,46.168985371000076],[10.515751636000061,46.343224485000064],[10.560439287000065,46.25528087400005],[10.477618105000033,46.01172338400005],[10.516289134000033,45.85612261400007],[10.840176546000066,45.83275854900006],[10.655995454000049,45.614514436000036],[10.65465546400003,45.415826974000026],[10.485837913000069,45.39429629000006],[10.317723071000046,45.20471594600008]]]]}},{"type":"Feature","properties":{"NUTS_ID":"ITC48","LEVL_CODE":3,"CNTR_CODE":"IT","NAME_LATN":"Pavia","NUTS_NAME":"Pavia","MOUNT_TYPE":null,"URBN_TYPE":2,"COAST_TYPE":null,"NAME_ENGL":"Italy","NAME_FREN":"Italie","ISO3_CODE":"ITA","SVRG_UN":"UN Member State","CAPT":"Rome","EU_STAT":"T","EFTA_STAT":"F","CC_STAT":"F","NAME_GERM":"Italien"},"geometry":{"type":"MultiPolygon","coordinates":[[[[8.547813848000033,45.16807921900005],[8.513538561000075,45.31339559800006],[8.696842264000054,45.30720062100005],[8.842915421000043,45.393840999000076],[8.969617564000032,45.28261486800005],[9.338846620000027,45.312966404000065],[9.438480708000043,45.187529158000075],[9.480108177000034,45.16344210700004],[9.53160159500004,45.165351842000064],[9.548684450000053,45.13264865800005],[9.36478285800007,45.03298594800003],[9.296212747000027,44.91366879200007],[9.34132786400005,44.822998590000054],[9.308945514000072,44.72401370000006],[9.20007414500003,44.68609933600004],[9.18213379100007,44.77851211800004],[8.887464580000028,45.03565523300006],[8.673872021000022,45.03212462000005],[8.547813848000033,45.16807921900005]]]]}},{"type":"Feature","properties":{"NUTS_ID":"ITC49","LEVL_CODE":3,"CNTR_CODE":"IT","NAME_LATN":"Lodi","NUTS_NAME":"Lodi","MOUNT_TYPE":null,"URBN_TYPE":2,"COAST_TYPE":null,"NAME_ENGL":"Italy","NAME_FREN":"Italie","ISO3_CODE":"ITA","SVRG_UN":"UN Member State","CAPT":"Rome","EU_STAT":"T","EFTA_STAT":"F","CC_STAT":"F","NAME_GERM":"Italien"},"geometry":{"type":"MultiPolygon","coordinates":[[[[9.548684450000053,45.13264865800005],[9.53160159500004,45.165351842000064],[9.482772133000026,45.19572681000005],[9.438480708000043,45.187529158000075],[9.338846620000027,45.312966404000065],[9.483930022000038,45.44869143400007],[9.492711591000045,45.37175023700007],[9.891101695000032,45.13089785900007],[9.73088606400006,45.066550138000025],[9.548684450000053,45.13264865800005]]]]}},{"type":"Feature","properties":{"NUTS_ID":"ITC4A","LEVL_CODE":3,"CNTR_CODE":"IT","NAME_LATN":"Cremona","NUTS_NAME":"Cremona","MOUNT_TYPE":null,"URBN_TYPE":2,"COAST_TYPE":null,"NAME_ENGL":"Italy","NAME_FREN":"Italie","ISO3_CODE":"ITA","SVRG_UN":"UN Member State","CAPT":"Rome","EU_STAT":"T","EFTA_STAT":"F","CC_STAT":"F","NAME_GERM":"Italien"},"geometry":{"type":"MultiPolygon","coordinates":[[[[9.891101695000032,45.13089785900007],[9.492711591000045,45.37175023700007],[9.483930022000038,45.44869143400007],[9.519206986000029,45.504481989000055],[9.88963833500003,45.427335164000056],[9.948712045000036,45.31735524700008],[10.317723071000046,45.20471594600008],[10.44033012500006,45.11956479200006],[10.43570513000003,45.057811687000026],[10.507596505000038,45.06248254600007],[10.464030601000047,44.93717146600005],[10.083503067000038,45.04395843100008],[9.891101695000032,45.13089785900007]]]]}},{"type":"Feature","properties":{"NUTS_ID":"ITC4B","LEVL_CODE":3,"CNTR_CODE":"IT","NAME_LATN":"Mantova","NUTS_NAME":"Mantova","MOUNT_TYPE":null,"URBN_TYPE":3,"COAST_TYPE":null,"NAME_ENGL":"Italy","NAME_FREN":"Italie","ISO3_CODE":"ITA","SVRG_UN":"UN Member State","CAPT":"Rome","EU_STAT":"T","EFTA_STAT":"F","CC_STAT":"F","NAME_GERM":"Italien"},"geometry":{"type":"MultiPolygon","coordinates":[[[[11.246231471000044,44.95142815200006],[10.887909551000064,44.91426604500003],[10.810076885000058,44.93652081600004],[10.69669936200006,44.972173944000076],[10.504343921000043,44.92241792100003],[10.464030601000047,44.93717146600005],[10.507596505000038,45.06248254600007],[10.43570513000003,45.057811687000026],[10.44033012500006,45.11956479200006],[10.317723071000046,45.20471594600008],[10.485837913000069,45.39429629000006],[10.65465546400003,45.415826974000026],[10.726389550000022,45.31101674000007],[10.810076885000058,45.29867623600006],[11.05681145400007,45.11892166300004],[11.205502617000036,45.10948753100007],[11.215301493000027,45.048478826000064],[11.426765643000067,44.95007616300006],[11.246231471000044,44.95142815200006]]]]}},{"type":"Feature","properties":{"NUTS_ID":"ITC4C","LEVL_CODE":3,"CNTR_CODE":"IT","NAME_LATN":"Milano","NUTS_NAME":"Milano","MOUNT_TYPE":null,"URBN_TYPE":1,"COAST_TYPE":null,"NAME_ENGL":"Italy","NAME_FREN":"Italie","ISO3_CODE":"ITA","SVRG_UN":"UN Member State","CAPT":"Rome","EU_STAT":"T","EFTA_STAT":"F","CC_STAT":"F","NAME_GERM":"Italien"},"geometry":{"type":"MultiPolygon","coordinates":[[[[9.49587113900003,45.63970412200007],[9.519206986000029,45.504481989000055],[9.483930022000038,45.44869143400007],[9.338846620000027,45.312966404000065],[8.969617564000032,45.28261486800005],[8.842915421000043,45.393840999000076],[8.706896361000076,45.55831602400008],[9.052902084000038,45.62319360600003],[9.317913974000021,45.54740388300007],[9.49587113900003,45.63970412200007]]],[[[9.53160159500004,45.165351842000064],[9.480108177000034,45.16344210700004],[9.438480708000043,45.187529158000075],[9.482772133000026,45.19572681000005],[9.53160159500004,45.165351842000064]]]]}},{"type":"Feature","properties":{"NUTS_ID":"ITC4D","LEVL_CODE":3,"CNTR_CODE":"IT","NAME_LATN":"Monza e della Brianza","NUTS_NAME":"Monza e della Brianza","MOUNT_TYPE":null,"URBN_TYPE":1,"COAST_TYPE":null,"NAME_ENGL":"Italy","NAME_FREN":"Italie","ISO3_CODE":"ITA","SVRG_UN":"UN Member State","CAPT":"Rome","EU_STAT":"T","EFTA_STAT":"F","CC_STAT":"F","NAME_GERM":"Italien"},"geometry":{"type":"MultiPolygon","coordinates":[[[[9.052902084000038,45.62319360600003],[9.055754887000035,45.64650388800004],[9.24713889900005,45.74265194600008],[9.325168251000036,45.67030906100007],[9.476587750000022,45.66924850600003],[9.49587113900003,45.63970412200007],[9.317913974000021,45.54740388300007],[9.052902084000038,45.62319360600003]]]]}},{"type":"Feature","properties":{"NUTS_ID":"ITF11","LEVL_CODE":3,"CNTR_CODE":"IT","NAME_LATN":"L’Aquila","NUTS_NAME":"L’Aquila","MOUNT_TYPE":1,"URBN_TYPE":2,"COAST_TYPE":null,"NAME_ENGL":"Italy","NAME_FREN":"Italie","ISO3_CODE":"ITA","SVRG_UN":"UN Member State","CAPT":"Rome","EU_STAT":"T","EFTA_STAT":"F","CC_STAT":"F","NAME_GERM":"Italien"},"geometry":{"type":"MultiPolygon","coordinates":[[[[13.030574718000025,42.115352949000055],[13.100660993000076,42.16462420800008],[13.310925259000044,42.16450156600007],[13.14080987400007,42.44723003200005],[13.19099353200005,42.57006681100006],[13.394031384000073,42.591233877000036],[13.481317667000042,42.48844131300007],[13.76528730900003,42.42011765800004],[13.827595509000048,42.293399779000026],[13.803850397000076,42.17131701100004],[14.08525321600007,42.08669740400006],[14.098725836000028,42.004578793000064],[14.113390800000047,41.91519258400007],[14.229757267000025,41.87705637600004],[14.133477862000063,41.752279575000045],[13.941038341000024,41.687943861000065],[13.672029510000073,41.79436245100004],[13.530732761000024,41.77931981300003],[13.296299414000032,41.94858840100005],[13.140838247000033,42.004578793000064],[13.068993039000077,42.030454331000044],[13.030574718000025,42.115352949000055]]]]}},{"type":"Feature","properties":{"NUTS_ID":"ITF12","LEVL_CODE":3,"CNTR_CODE":"IT","NAME_LATN":"Teramo","NUTS_NAME":"Teramo","MOUNT_TYPE":1,"URBN_TYPE":2,"COAST_TYPE":1,"NAME_ENGL":"Italy","NAME_FREN":"Italie","ISO3_CODE":"ITA","SVRG_UN":"UN Member State","CAPT":"Rome","EU_STAT":"T","EFTA_STAT":"F","CC_STAT":"F","NAME_GERM":"Italien"},"geometry":{"type":"MultiPolygon","coordinates":[[[[14.146269234000044,42.53050590200007],[13.83542058100005,42.49020648000004],[13.76528730900003,42.42011765800004],[13.481317667000042,42.48844131300007],[13.394031384000073,42.591233877000036],[13.357774518000042,42.69406997900006],[13.915740683000024,42.894493400000044],[13.927528001000042,42.85935307900007],[14.146269234000044,42.53050590200007]]]]}},{"type":"Feature","properties":{"NUTS_ID":"ITF13","LEVL_CODE":3,"CNTR_CODE":"IT","NAME_LATN":"Pescara","NUTS_NAME":"Pescara","MOUNT_TYPE":1,"URBN_TYPE":2,"COAST_TYPE":1,"NAME_ENGL":"Italy","NAME_FREN":"Italie","ISO3_CODE":"ITA","SVRG_UN":"UN Member State","CAPT":"Rome","EU_STAT":"T","EFTA_STAT":"F","CC_STAT":"F","NAME_GERM":"Italien"},"geometry":{"type":"MultiPolygon","coordinates":[[[[14.253960642000038,42.44479847500003],[14.139102045000072,42.371564883000076],[14.08525321600007,42.08669740400006],[13.803850397000076,42.17131701100004],[13.827595509000048,42.293399779000026],[13.76528730900003,42.42011765800004],[13.83542058100005,42.49020648000004],[14.146269234000044,42.53050590200007],[14.253960642000038,42.44479847500003]]]]}},{"type":"Feature","properties":{"NUTS_ID":"ITF14","LEVL_CODE":3,"CNTR_CODE":"IT","NAME_LATN":"Chieti","NUTS_NAME":"Chieti","MOUNT_TYPE":1,"URBN_TYPE":2,"COAST_TYPE":1,"NAME_ENGL":"Italy","NAME_FREN":"Italie","ISO3_CODE":"ITA","SVRG_UN":"UN Member State","CAPT":"Rome","EU_STAT":"T","EFTA_STAT":"F","CC_STAT":"F","NAME_GERM":"Italien"},"geometry":{"type":"MultiPolygon","coordinates":[[[[14.779562767000073,42.07005935900003],[14.717506140000069,42.004578793000064],[14.485358809000047,41.75962286300006],[14.356393843000035,41.876677243000074],[14.229757267000025,41.87705637600004],[14.113390800000047,41.91519258400007],[14.098725836000028,42.004578793000064],[14.08525321600007,42.08669740400006],[14.139102045000072,42.371564883000076],[14.253960642000038,42.44479847500003],[14.779562767000073,42.07005935900003]]]]}},{"type":"Feature","properties":{"NUTS_ID":"ITF21","LEVL_CODE":3,"CNTR_CODE":"IT","NAME_LATN":"Isernia","NUTS_NAME":"Isernia","MOUNT_TYPE":1,"URBN_TYPE":3,"COAST_TYPE":null,"NAME_ENGL":"Italy","NAME_FREN":"Italie","ISO3_CODE":"ITA","SVRG_UN":"UN Member State","CAPT":"Rome","EU_STAT":"T","EFTA_STAT":"F","CC_STAT":"F","NAME_GERM":"Italien"},"geometry":{"type":"MultiPolygon","coordinates":[[[[13.977927998000041,41.46245394700003],[14.011673103000021,41.56034902000005],[13.941038341000024,41.687943861000065],[14.133477862000063,41.752279575000045],[14.229757267000025,41.87705637600004],[14.356393843000035,41.876677243000074],[14.485358809000047,41.75962286300006],[14.475272235000034,41.577687113000025],[14.382519064000064,41.44321633100003],[14.148815008000042,41.500551141000074],[14.054127115000028,41.40568522900003],[13.977927998000041,41.46245394700003]]]]}},{"type":"Feature","properties":{"NUTS_ID":"ITF22","LEVL_CODE":3,"CNTR_CODE":"IT","NAME_LATN":"Campobasso","NUTS_NAME":"Campobasso","MOUNT_TYPE":1,"URBN_TYPE":3,"COAST_TYPE":1,"NAME_ENGL":"Italy","NAME_FREN":"Italie","ISO3_CODE":"ITA","SVRG_UN":"UN Member State","CAPT":"Rome","EU_STAT":"T","EFTA_STAT":"F","CC_STAT":"F","NAME_GERM":"Italien"},"geometry":{"type":"MultiPolygon","coordinates":[[[[15.138178679000077,41.92700760300005],[15.12122415400006,41.69827862200003],[14.942917155000032,41.59492838700004],[15.007655460000024,41.486357131000034],[14.505007695000074,41.38256334700003],[14.382519064000064,41.44321633100003],[14.475272235000034,41.577687113000025],[14.485358809000047,41.75962286300006],[14.717506140000069,42.004578793000064],[14.779562767000073,42.07005935900003],[14.943715753000049,42.004578793000064],[15.138178679000077,41.92700760300005]]]]}},{"type":"Feature","properties":{"NUTS_ID":"ITF31","LEVL_CODE":3,"CNTR_CODE":"IT","NAME_LATN":"Caserta","NUTS_NAME":"Caserta","MOUNT_TYPE":null,"URBN_TYPE":1,"COAST_TYPE":1,"NAME_ENGL":"Italy","NAME_FREN":"Italie","ISO3_CODE":"ITA","SVRG_UN":"UN Member State","CAPT":"Rome","EU_STAT":"T","EFTA_STAT":"F","CC_STAT":"F","NAME_GERM":"Italien"},"geometry":{"type":"MultiPolygon","coordinates":[[[[13.762086966000027,41.22250312400007],[13.873718288000077,41.33829409300006],[13.977927998000041,41.46245394700003],[14.054127115000028,41.40568522900003],[14.148815008000042,41.500551141000074],[14.382519064000064,41.44321633100003],[14.505007695000074,41.38256334700003],[14.435158889000036,41.10619484400007],[14.531199934000028,41.01330634100003],[14.078423546000067,40.95618448700003],[14.032136107000042,40.89889418100006],[13.762086966000027,41.22250312400007]]]]}},{"type":"Feature","properties":{"NUTS_ID":"ITF32","LEVL_CODE":3,"CNTR_CODE":"IT","NAME_LATN":"Benevento","NUTS_NAME":"Benevento","MOUNT_TYPE":1,"URBN_TYPE":3,"COAST_TYPE":1,"NAME_ENGL":"Italy","NAME_FREN":"Italie","ISO3_CODE":"ITA","SVRG_UN":"UN Member State","CAPT":"Rome","EU_STAT":"T","EFTA_STAT":"F","CC_STAT":"F","NAME_GERM":"Italien"},"geometry":{"type":"MultiPolygon","coordinates":[[[[14.505007695000074,41.38256334700003],[15.007655460000024,41.486357131000034],[15.149196332000031,41.280412511000065],[15.004890636000027,41.25570326700006],[14.946001253000077,41.08971657400008],[14.571968244000061,41.00946644100003],[14.531199934000028,41.01330634100003],[14.435158889000036,41.10619484400007],[14.505007695000074,41.38256334700003]]]]}},{"type":"Feature","properties":{"NUTS_ID":"ITF33","LEVL_CODE":3,"CNTR_CODE":"IT","NAME_LATN":"Napoli","NUTS_NAME":"Napoli","MOUNT_TYPE":null,"URBN_TYPE":1,"COAST_TYPE":1,"NAME_ENGL":"Italy","NAME_FREN":"Italie","ISO3_CODE":"ITA","SVRG_UN":"UN Member State","CAPT":"Rome","EU_STAT":"T","EFTA_STAT":"F","CC_STAT":"F","NAME_GERM":"Italien"},"geometry":{"type":"MultiPolygon","coordinates":[[[[14.571248138000044,40.65197078500006],[14.468572555000037,40.62019633700004],[14.393248765000067,40.76719861200007],[14.101462281000067,40.83270585100007],[14.032136107000042,40.89889418100006],[14.078423546000067,40.95618448700003],[14.531199934000028,41.01330634100003],[14.571968244000061,41.00946644100003],[14.605582072000061,40.84756734900003],[14.532468051000023,40.76671838300007],[14.571248138000044,40.65197078500006]]],[[[13.985561348000033,40.72380349400004],[13.941186243000061,40.685944678000055],[13.818092061000073,40.701902880000034],[13.861543685000072,40.77190184900007],[13.985561348000033,40.72380349400004]]]]}},{"type":"Feature","properties":{"NUTS_ID":"ITF34","LEVL_CODE":3,"CNTR_CODE":"IT","NAME_LATN":"Avellino","NUTS_NAME":"Avellino","MOUNT_TYPE":1,"URBN_TYPE":2,"COAST_TYPE":1,"NAME_ENGL":"Italy","NAME_FREN":"Italie","ISO3_CODE":"ITA","SVRG_UN":"UN Member State","CAPT":"Rome","EU_STAT":"T","EFTA_STAT":"F","CC_STAT":"F","NAME_GERM":"Italien"},"geometry":{"type":"MultiPolygon","coordinates":[[[[14.571968244000061,41.00946644100003],[14.946001253000077,41.08971657400008],[15.004890636000027,41.25570326700006],[15.149196332000031,41.280412511000065],[15.240641364000055,41.24509421800008],[15.271772447000046,41.11206610000005],[15.542921076000027,41.05582347700005],[15.524404143000027,40.92834733300003],[15.33502457000003,40.83484399800005],[15.18845671300005,40.718582748000074],[14.605582072000061,40.84756734900003],[14.571968244000061,41.00946644100003]]]]}},{"type":"Feature","properties":{"NUTS_ID":"ITF35","LEVL_CODE":3,"CNTR_CODE":"IT","NAME_LATN":"Salerno","NUTS_NAME":"Salerno","MOUNT_TYPE":1,"URBN_TYPE":2,"COAST_TYPE":1,"NAME_ENGL":"Italy","NAME_FREN":"Italie","ISO3_CODE":"ITA","SVRG_UN":"UN Member State","CAPT":"Rome","EU_STAT":"T","EFTA_STAT":"F","CC_STAT":"F","NAME_GERM":"Italien"},"geometry":{"type":"MultiPolygon","coordinates":[[[[14.468572555000037,40.62019633700004],[14.571248138000044,40.65197078500006],[14.532468051000023,40.76671838300007],[14.605582072000061,40.84756734900003],[15.18845671300005,40.718582748000074],[15.33502457000003,40.83484399800005],[15.549716270000033,40.49019151400006],[15.788371992000066,40.267076460000055],[15.644965154000033,40.042837201000054],[15.550738112000033,40.065847792000056],[15.333558279000044,40.015367129000026],[15.15375001700005,40.15118201300004],[14.953698203000044,40.22445608100003],[14.979871075000062,40.41191842500007],[14.790256598000042,40.65533047500003],[14.468572555000037,40.62019633700004]]]]}},{"type":"Feature","properties":{"NUTS_ID":"ITF43","LEVL_CODE":3,"CNTR_CODE":"IT","NAME_LATN":"Taranto","NUTS_NAME":"Taranto","MOUNT_TYPE":null,"URBN_TYPE":1,"COAST_TYPE":1,"NAME_ENGL":"Italy","NAME_FREN":"Italie","ISO3_CODE":"ITA","SVRG_UN":"UN Member State","CAPT":"Rome","EU_STAT":"T","EFTA_STAT":"F","CC_STAT":"F","NAME_GERM":"Italien"},"geometry":{"type":"MultiPolygon","coordinates":[[[[16.867263855000033,40.39784533900007],[16.726253301000042,40.50502134300007],[16.724989805000064,40.71381441400007],[17.353692703000036,40.74857532800007],[17.52615649300003,40.46728552800005],[17.798413295000046,40.379636041000026],[17.76349642100007,40.295497399000055],[17.478694356000062,40.30912108600006],[17.10975744800004,40.51001127700005],[16.867263855000033,40.39784533900007]]]]}},{"type":"Feature","properties":{"NUTS_ID":"ITF44","LEVL_CODE":3,"CNTR_CODE":"IT","NAME_LATN":"Brindisi","NUTS_NAME":"Brindisi","MOUNT_TYPE":null,"URBN_TYPE":1,"COAST_TYPE":1,"NAME_ENGL":"Italy","NAME_FREN":"Italie","ISO3_CODE":"ITA","SVRG_UN":"UN Member State","CAPT":"Rome","EU_STAT":"T","EFTA_STAT":"F","CC_STAT":"F","NAME_GERM":"Italien"},"geometry":{"type":"MultiPolygon","coordinates":[[[[18.097446024000078,40.51530453400005],[17.798413295000046,40.379636041000026],[17.52615649300003,40.46728552800005],[17.353692703000036,40.74857532800007],[17.321765396000046,40.82425352100006],[17.388981155000067,40.89186350600005],[17.981523047000053,40.654808641000045],[18.097446024000078,40.51530453400005]]]]}},{"type":"Feature","properties":{"NUTS_ID":"ITF45","LEVL_CODE":3,"CNTR_CODE":"IT","NAME_LATN":"Lecce","NUTS_NAME":"Lecce","MOUNT_TYPE":null,"URBN_TYPE":1,"COAST_TYPE":1,"NAME_ENGL":"Italy","NAME_FREN":"Italie","ISO3_CODE":"ITA","SVRG_UN":"UN Member State","CAPT":"Rome","EU_STAT":"T","EFTA_STAT":"F","CC_STAT":"F","NAME_GERM":"Italien"},"geometry":{"type":"MultiPolygon","coordinates":[[[[17.76349642100007,40.295497399000055],[17.798413295000046,40.379636041000026],[18.097446024000078,40.51530453400005],[18.431316028000026,40.27149112700005],[18.503379563000067,40.11555406200006],[18.434829422000064,40.01968342500004],[18.331469678000076,39.80257235600004],[18.07404715800004,39.91587785300004],[18.019756677000032,40.01968342500004],[17.894468371000073,40.24466918100006],[17.76349642100007,40.295497399000055]]]]}},{"type":"Feature","properties":{"NUTS_ID":"ITF46","LEVL_CODE":3,"CNTR_CODE":"IT","NAME_LATN":"Foggia","NUTS_NAME":"Foggia","MOUNT_TYPE":null,"URBN_TYPE":1,"COAST_TYPE":1,"NAME_ENGL":"Italy","NAME_FREN":"Italie","ISO3_CODE":"ITA","SVRG_UN":"UN Member State","CAPT":"Rome","EU_STAT":"T","EFTA_STAT":"F","CC_STAT":"F","NAME_GERM":"Italien"},"geometry":{"type":"MultiPolygon","coordinates":[[[[16.024738592000062,41.42559044500007],[16.01229149200003,41.234868842000026],[15.870311162000064,41.13990010400005],[15.542921076000027,41.05582347700005],[15.271772447000046,41.11206610000005],[15.240641364000055,41.24509421800008],[15.149196332000031,41.280412511000065],[15.007655460000024,41.486357131000034],[14.942917155000032,41.59492838700004],[15.12122415400006,41.69827862200003],[15.138178679000077,41.92700760300005],[16.132081433000053,41.91197478000004],[16.169092427000066,41.77067532500007],[15.90675273000005,41.59240308900007],[16.024738592000062,41.42559044500007]]]]}},{"type":"Feature","properties":{"NUTS_ID":"ITF47","LEVL_CODE":3,"CNTR_CODE":"IT","NAME_LATN":"Bari","NUTS_NAME":"Bari","MOUNT_TYPE":null,"URBN_TYPE":1,"COAST_TYPE":1,"NAME_ENGL":"Italy","NAME_FREN":"Italie","ISO3_CODE":"ITA","SVRG_UN":"UN Member State","CAPT":"Rome","EU_STAT":"T","EFTA_STAT":"F","CC_STAT":"F","NAME_GERM":"Italien"},"geometry":{"type":"MultiPolygon","coordinates":[[[[17.388981155000067,40.89186350600005],[17.321765396000046,40.82425352100006],[17.353692703000036,40.74857532800007],[16.724989805000064,40.71381441400007],[16.50625135000007,40.744175563000056],[16.433040852000033,40.70551830100004],[16.244098251000025,40.83800862800007],[16.20253183500006,40.917511174000026],[16.354332740000075,41.15626240000006],[16.433040852000033,41.18886196400007],[16.499166597000055,41.17194793700003],[16.54230254600003,41.22944085900008],[17.099636712000063,41.05923655200007],[17.388981155000067,40.89186350600005]]]]}},{"type":"Feature","properties":{"NUTS_ID":"ITF48","LEVL_CODE":3,"CNTR_CODE":"IT","NAME_LATN":"Barletta-Andria-Trani","NUTS_NAME":"Barletta-Andria-Trani","MOUNT_TYPE":null,"URBN_TYPE":1,"COAST_TYPE":1,"NAME_ENGL":"Italy","NAME_FREN":"Italie","ISO3_CODE":"ITA","SVRG_UN":"UN Member State","CAPT":"Rome","EU_STAT":"T","EFTA_STAT":"F","CC_STAT":"F","NAME_GERM":"Italien"},"geometry":{"type":"MultiPolygon","coordinates":[[[[16.54230254600003,41.22944085900008],[16.499166597000055,41.17194793700003],[16.433040852000033,41.18886196400007],[16.354332740000075,41.15626240000006],[16.20253183500006,40.917511174000026],[16.04841273100004,40.935243541000034],[16.007879109000044,41.05845839300008],[15.870311162000064,41.13990010400005],[16.01229149200003,41.234868842000026],[16.024738592000062,41.42559044500007],[16.433040852000033,41.27175138700005],[16.54230254600003,41.22944085900008]]]]}},{"type":"Feature","properties":{"NUTS_ID":"ITF51","LEVL_CODE":3,"CNTR_CODE":"IT","NAME_LATN":"Potenza","NUTS_NAME":"Potenza","MOUNT_TYPE":1,"URBN_TYPE":3,"COAST_TYPE":1,"NAME_ENGL":"Italy","NAME_FREN":"Italie","ISO3_CODE":"ITA","SVRG_UN":"UN Member State","CAPT":"Rome","EU_STAT":"T","EFTA_STAT":"F","CC_STAT":"F","NAME_GERM":"Italien"},"geometry":{"type":"MultiPolygon","coordinates":[[[[15.644965154000033,40.042837201000054],[15.788371992000066,40.267076460000055],[15.549716270000033,40.49019151400006],[15.33502457000003,40.83484399800005],[15.524404143000027,40.92834733300003],[15.542921076000027,41.05582347700005],[15.870311162000064,41.13990010400005],[16.007879109000044,41.05845839300008],[16.04841273100004,40.935243541000034],[16.20253183500006,40.917511174000026],[16.244098251000025,40.83800862800007],[16.14408217700003,40.792220169000075],[16.072611,40.62867737600004],[16.19271182400007,40.29026661600005],[16.361487899000053,40.287687524000035],[16.39888078200005,40.05540003300007],[16.391618762000064,40.01501934700008],[16.287227307000023,39.92945269300003],[16.075719804000073,39.906529470000066],[15.876606644000049,39.99752018500004],[15.755955854000035,39.92341801900005],[15.676447685000028,40.01968342500004],[15.644965154000033,40.042837201000054]]]]}},{"type":"Feature","properties":{"NUTS_ID":"ITF52","LEVL_CODE":3,"CNTR_CODE":"IT","NAME_LATN":"Matera","NUTS_NAME":"Matera","MOUNT_TYPE":1,"URBN_TYPE":2,"COAST_TYPE":1,"NAME_ENGL":"Italy","NAME_FREN":"Italie","ISO3_CODE":"ITA","SVRG_UN":"UN Member State","CAPT":"Rome","EU_STAT":"T","EFTA_STAT":"F","CC_STAT":"F","NAME_GERM":"Italien"},"geometry":{"type":"MultiPolygon","coordinates":[[[[16.644044043000065,40.11913496200003],[16.433040852000033,40.13068114400005],[16.39888078200005,40.05540003300007],[16.361487899000053,40.287687524000035],[16.19271182400007,40.29026661600005],[16.072611,40.62867737600004],[16.14408217700003,40.792220169000075],[16.244098251000025,40.83800862800007],[16.433040852000033,40.70551830100004],[16.50625135000007,40.744175563000056],[16.724989805000064,40.71381441400007],[16.726253301000042,40.50502134300007],[16.867263855000033,40.39784533900007],[16.644044043000065,40.11913496200003]]]]}},{"type":"Feature","properties":{"NUTS_ID":"ITF61","LEVL_CODE":3,"CNTR_CODE":"IT","NAME_LATN":"Cosenza","NUTS_NAME":"Cosenza","MOUNT_TYPE":1,"URBN_TYPE":2,"COAST_TYPE":1,"NAME_ENGL":"Italy","NAME_FREN":"Italie","ISO3_CODE":"ITA","SVRG_UN":"UN Member State","CAPT":"Rome","EU_STAT":"T","EFTA_STAT":"F","CC_STAT":"F","NAME_GERM":"Italien"},"geometry":{"type":"MultiPolygon","coordinates":[[[[15.755955854000035,39.92341801900005],[15.876606644000049,39.99752018500004],[16.075719804000073,39.906529470000066],[16.287227307000023,39.92945269300003],[16.391618762000064,40.01501934700008],[16.39888078200005,40.05540003300007],[16.433040852000033,40.13068114400005],[16.644044043000065,40.11913496200003],[16.60768192100005,40.01968342500004],[16.503113907000056,39.797698909000076],[16.53407588500005,39.679882056000054],[17.025064504000056,39.48357864800005],[16.755570694000028,39.345968715000026],[16.75571732700007,39.20691383700006],[16.613183708000065,39.19412431600006],[16.433040852000033,39.06199374400006],[16.317361635000054,39.101764348000074],[16.093152918000044,39.04874289800006],[16.018688944000075,39.374407967000025],[15.847835997000061,39.611561720000054],[15.755955854000035,39.92341801900005]]]]}},{"type":"Feature","properties":{"NUTS_ID":"ITF62","LEVL_CODE":3,"CNTR_CODE":"IT","NAME_LATN":"Crotone","NUTS_NAME":"Crotone","MOUNT_TYPE":null,"URBN_TYPE":2,"COAST_TYPE":1,"NAME_ENGL":"Italy","NAME_FREN":"Italie","ISO3_CODE":"ITA","SVRG_UN":"UN Member State","CAPT":"Rome","EU_STAT":"T","EFTA_STAT":"F","CC_STAT":"F","NAME_GERM":"Italien"},"geometry":{"type":"MultiPolygon","coordinates":[[[[16.89073205400007,38.927128682000046],[16.86530732400007,39.01269199500007],[16.698389664000047,39.08767993600003],[16.613183708000065,39.19412431600006],[16.75571732700007,39.20691383700006],[16.755570694000028,39.345968715000026],[17.025064504000056,39.48357864800005],[17.13902686700004,39.38779753400007],[17.126740942000026,39.10296340700006],[17.174810364000052,38.991164481000055],[17.09374059700002,38.90840928100005],[16.89073205400007,38.927128682000046]]]]}},{"type":"Feature","properties":{"NUTS_ID":"ITF63","LEVL_CODE":3,"CNTR_CODE":"IT","NAME_LATN":"Catanzaro","NUTS_NAME":"Catanzaro","MOUNT_TYPE":1,"URBN_TYPE":2,"COAST_TYPE":1,"NAME_ENGL":"Italy","NAME_FREN":"Italie","ISO3_CODE":"ITA","SVRG_UN":"UN Member State","CAPT":"Rome","EU_STAT":"T","EFTA_STAT":"F","CC_STAT":"F","NAME_GERM":"Italien"},"geometry":{"type":"MultiPolygon","coordinates":[[[[16.093152918000044,39.04874289800006],[16.317361635000054,39.101764348000074],[16.433040852000033,39.06199374400006],[16.613183708000065,39.19412431600006],[16.698389664000047,39.08767993600003],[16.86530732400007,39.01269199500007],[16.89073205400007,38.927128682000046],[16.609175589000074,38.80403019000005],[16.548608606000073,38.70749188000008],[16.564368131000037,38.608268157000055],[16.58208446200007,38.469790354000054],[16.419985130000043,38.55395180600004],[16.341701716000046,38.655938451000054],[16.338241629000038,38.791240498000036],[16.213753437000037,38.810439760000065],[16.206767911000043,38.90904808800008],[16.093152918000044,39.04874289800006]]]]}},{"type":"Feature","properties":{"NUTS_ID":"ITF64","LEVL_CODE":3,"CNTR_CODE":"IT","NAME_LATN":"Vibo Valentia","NUTS_NAME":"Vibo Valentia","MOUNT_TYPE":1,"URBN_TYPE":3,"COAST_TYPE":1,"NAME_ENGL":"Italy","NAME_FREN":"Italie","ISO3_CODE":"ITA","SVRG_UN":"UN Member State","CAPT":"Rome","EU_STAT":"T","EFTA_STAT":"F","CC_STAT":"F","NAME_GERM":"Italien"},"geometry":{"type":"MultiPolygon","coordinates":[[[[16.213753437000037,38.810439760000065],[16.338241629000038,38.791240498000036],[16.341701716000046,38.655938451000054],[16.419985130000043,38.55395180600004],[16.340272232000075,38.44133055900005],[16.08769168200007,38.54667795600005],[15.918956427000069,38.50676155000008],[15.86215027000003,38.655624603000035],[16.135692364000022,38.73005950900006],[16.213753437000037,38.810439760000065]]]]}},{"type":"Feature","properties":{"NUTS_ID":"ITF65","LEVL_CODE":3,"CNTR_CODE":"IT","NAME_LATN":"Reggio Calabria","NUTS_NAME":"Reggio Calabria","MOUNT_TYPE":1,"URBN_TYPE":2,"COAST_TYPE":1,"NAME_ENGL":"Italy","NAME_FREN":"Italie","ISO3_CODE":"ITA","SVRG_UN":"UN Member State","CAPT":"Rome","EU_STAT":"T","EFTA_STAT":"F","CC_STAT":"F","NAME_GERM":"Italien"},"geometry":{"type":"MultiPolygon","coordinates":[[[[15.918956427000069,38.50676155000008],[16.08769168200007,38.54667795600005],[16.340272232000075,38.44133055900005],[16.419985130000043,38.55395180600004],[16.58208446200007,38.469790354000054],[16.54491998800006,38.40373224000007],[16.433040852000033,38.32886712000004],[16.21721549800003,38.184522843000025],[16.05745203500004,37.93572676800005],[15.742255255000032,37.92862234900008],[15.648994754000057,38.00732745900007],[15.649220368000044,38.21019701000006],[15.812763569000026,38.310170404000075],[15.918956427000069,38.50676155000008]]]]}},{"type":"Feature","properties":{"NUTS_ID":"ITG11","LEVL_CODE":3,"CNTR_CODE":"IT","NAME_LATN":"Trapani","NUTS_NAME":"Trapani","MOUNT_TYPE":null,"URBN_TYPE":2,"COAST_TYPE":1,"NAME_ENGL":"Italy","NAME_FREN":"Italie","ISO3_CODE":"ITA","SVRG_UN":"UN Member State","CAPT":"Rome","EU_STAT":"T","EFTA_STAT":"F","CC_STAT":"F","NAME_GERM":"Italien"},"geometry":{"type":"MultiPolygon","coordinates":[[[[12.896495988000027,37.577118373000076],[12.692723988000068,37.57107968300005],[12.529055328000027,37.66673531300006],[12.44707855200005,37.775758601000064],[12.445201686000075,37.889001585000074],[12.532716519000076,38.036624818000064],[12.75938973600006,38.15417124600003],[12.86616482900007,38.05058779800004],[12.977262495000048,38.040205865000075],[13.040554103000034,37.94614753700006],[12.960892082000044,37.85649970000003],[13.075725688000034,37.77906657700004],[13.012097426000025,37.74267165600003],[12.896495988000027,37.577118373000076]]],[[[12.099065869000071,36.76067536000005],[12.023123705000046,36.72262571600004],[11.926032106000036,36.77250029500004],[12.036545175000072,36.81498167400008],[12.099065869000071,36.76067536000005]]]]}},{"type":"Feature","properties":{"NUTS_ID":"ITG12","LEVL_CODE":3,"CNTR_CODE":"IT","NAME_LATN":"Palermo","NUTS_NAME":"Palermo","MOUNT_TYPE":1,"URBN_TYPE":1,"COAST_TYPE":1,"NAME_ENGL":"Italy","NAME_FREN":"Italie","ISO3_CODE":"ITA","SVRG_UN":"UN Member State","CAPT":"Rome","EU_STAT":"T","EFTA_STAT":"F","CC_STAT":"F","NAME_GERM":"Italien"},"geometry":{"type":"MultiPolygon","coordinates":[[[[14.183486325000047,38.01939645900006],[14.279869589000043,37.84008077400006],[14.272922401000073,37.72894424900005],[14.135052405000067,37.616705583000055],[14.061427499000047,37.695957461000035],[13.977776689000052,37.597798683000065],[13.814684878000037,37.72431499400005],[13.732527524000034,37.68296604200003],[13.414397520000023,37.64897252700007],[13.367985375000046,37.557594788000074],[13.012097426000025,37.74267165600003],[13.075725688000034,37.77906657700004],[12.960892082000044,37.85649970000003],[13.040554103000034,37.94614753700006],[12.977262495000048,38.040205865000075],[13.100711998000065,38.17446592700003],[13.298594431000026,38.20641118900005],[13.732867803000033,37.980773199000055],[14.183486325000047,38.01939645900006]]]]}},{"type":"Feature","properties":{"NUTS_ID":"ITG13","LEVL_CODE":3,"CNTR_CODE":"IT","NAME_LATN":"Messina","NUTS_NAME":"Messina","MOUNT_TYPE":1,"URBN_TYPE":2,"COAST_TYPE":1,"NAME_ENGL":"Italy","NAME_FREN":"Italie","ISO3_CODE":"ITA","SVRG_UN":"UN Member State","CAPT":"Rome","EU_STAT":"T","EFTA_STAT":"F","CC_STAT":"F","NAME_GERM":"Italien"},"geometry":{"type":"MultiPolygon","coordinates":[[[[15.541098872000077,38.146420257000045],[15.258139134000032,37.80729854700007],[14.914594530000045,37.94425204600003],[14.782856011000035,37.92477608200005],[14.742268884000055,37.818132099000024],[14.279869589000043,37.84008077400006],[14.183486325000047,38.01939645900006],[14.510527058000037,38.04234841400006],[14.88611461000005,38.178654073000075],[15.106111196000029,38.13146699500004],[15.565162780000037,38.277591846000064],[15.541098872000077,38.146420257000045]]],[[[14.98325769400003,38.47288578400003],[14.888181281000072,38.46517817300003],[14.767079716000069,38.579107058000034],[14.876153492000071,38.599225370000056],[14.98325769400003,38.47288578400003]]]]}},{"type":"Feature","properties":{"NUTS_ID":"ITG14","LEVL_CODE":3,"CNTR_CODE":"IT","NAME_LATN":"Agrigento","NUTS_NAME":"Agrigento","MOUNT_TYPE":1,"URBN_TYPE":1,"COAST_TYPE":1,"NAME_ENGL":"Italy","NAME_FREN":"Italie","ISO3_CODE":"ITA","SVRG_UN":"UN Member State","CAPT":"Rome","EU_STAT":"T","EFTA_STAT":"F","CC_STAT":"F","NAME_GERM":"Italien"},"geometry":{"type":"MultiPolygon","coordinates":[[[[12.896495988000027,37.577118373000076],[13.012097426000025,37.74267165600003],[13.367985375000046,37.557594788000074],[13.414397520000023,37.64897252700007],[13.732527524000034,37.68296604200003],[13.805124430000035,37.65494158200005],[13.700030973000025,37.56057404400008],[13.692254165000065,37.468329761000064],[13.843507417000069,37.421423584000024],[14.013074200000062,37.250554575000024],[14.036207325000078,37.106028421000076],[13.887340218000077,37.110016442000074],[13.603289461000031,37.250554575000024],[12.896495988000027,37.577118373000076]]]]}},{"type":"Feature","properties":{"NUTS_ID":"ITG15","LEVL_CODE":3,"CNTR_CODE":"IT","NAME_LATN":"Caltanissetta","NUTS_NAME":"Caltanissetta","MOUNT_TYPE":1,"URBN_TYPE":1,"COAST_TYPE":1,"NAME_ENGL":"Italy","NAME_FREN":"Italie","ISO3_CODE":"ITA","SVRG_UN":"UN Member State","CAPT":"Rome","EU_STAT":"T","EFTA_STAT":"F","CC_STAT":"F","NAME_GERM":"Italien"},"geometry":{"type":"MultiPolygon","coordinates":[[[[14.036207325000078,37.106028421000076],[14.013074200000062,37.250554575000024],[13.843507417000069,37.421423584000024],[13.692254165000065,37.468329761000064],[13.700030973000025,37.56057404400008],[13.805124430000035,37.65494158200005],[13.732527524000034,37.68296604200003],[13.814684878000037,37.72431499400005],[13.977776689000052,37.597798683000065],[14.061427499000047,37.695957461000035],[14.135052405000067,37.616705583000055],[14.080101617000025,37.36593880400005],[14.352670516000046,37.30613986800006],[14.382968955000024,37.250554575000024],[14.444122524000022,37.05295057200004],[14.337611976000062,37.00197127300004],[14.036207325000078,37.106028421000076]]]]}},{"type":"Feature","properties":{"NUTS_ID":"ITG16","LEVL_CODE":3,"CNTR_CODE":"IT","NAME_LATN":"Enna","NUTS_NAME":"Enna","MOUNT_TYPE":1,"URBN_TYPE":2,"COAST_TYPE":1,"NAME_ENGL":"Italy","NAME_FREN":"Italie","ISO3_CODE":"ITA","SVRG_UN":"UN Member State","CAPT":"Rome","EU_STAT":"T","EFTA_STAT":"F","CC_STAT":"F","NAME_GERM":"Italien"},"geometry":{"type":"MultiPolygon","coordinates":[[[[14.352670516000046,37.30613986800006],[14.080101617000025,37.36593880400005],[14.135052405000067,37.616705583000055],[14.272922401000073,37.72894424900005],[14.279869589000043,37.84008077400006],[14.742268884000055,37.818132099000024],[14.718538352000053,37.726087696000036],[14.805978852000067,37.64036099300006],[14.798958698000035,37.537436779000075],[14.565313273000072,37.53796522500005],[14.574586200000056,37.38353995400007],[14.352670516000046,37.30613986800006]]]]}},{"type":"Feature","properties":{"NUTS_ID":"ITG17","LEVL_CODE":3,"CNTR_CODE":"IT","NAME_LATN":"Catania","NUTS_NAME":"Catania","MOUNT_TYPE":1,"URBN_TYPE":1,"COAST_TYPE":1,"NAME_ENGL":"Italy","NAME_FREN":"Italie","ISO3_CODE":"ITA","SVRG_UN":"UN Member State","CAPT":"Rome","EU_STAT":"T","EFTA_STAT":"F","CC_STAT":"F","NAME_GERM":"Italien"},"geometry":{"type":"MultiPolygon","coordinates":[[[[15.091498994000062,37.357708641000045],[14.891680725000072,37.39096886400006],[14.806177733000027,37.250554575000024],[14.797613068000032,37.11746868900008],[14.444122524000022,37.05295057200004],[14.382968955000024,37.250554575000024],[14.352670516000046,37.30613986800006],[14.574586200000056,37.38353995400007],[14.565313273000072,37.53796522500005],[14.798958698000035,37.537436779000075],[14.805978852000067,37.64036099300006],[14.718538352000053,37.726087696000036],[14.742268884000055,37.818132099000024],[14.782856011000035,37.92477608200005],[14.914594530000045,37.94425204600003],[15.258139134000032,37.80729854700007],[15.09554300600007,37.47409499400004],[15.091498994000062,37.357708641000045]]]]}},{"type":"Feature","properties":{"NUTS_ID":"ITG18","LEVL_CODE":3,"CNTR_CODE":"IT","NAME_LATN":"Ragusa","NUTS_NAME":"Ragusa","MOUNT_TYPE":null,"URBN_TYPE":2,"COAST_TYPE":1,"NAME_ENGL":"Italy","NAME_FREN":"Italie","ISO3_CODE":"ITA","SVRG_UN":"UN Member State","CAPT":"Rome","EU_STAT":"T","EFTA_STAT":"F","CC_STAT":"F","NAME_GERM":"Italien"},"geometry":{"type":"MultiPolygon","coordinates":[[[[14.337611976000062,37.00197127300004],[14.444122524000022,37.05295057200004],[14.797613068000032,37.11746868900008],[14.880210567000063,36.97372064900003],[14.873065562000022,36.835829561000025],[15.000358138000024,36.70284761700003],[14.517629147000036,36.78759030300006],[14.337611976000062,37.00197127300004]]]]}},{"type":"Feature","properties":{"NUTS_ID":"ITG19","LEVL_CODE":3,"CNTR_CODE":"IT","NAME_LATN":"Siracusa","NUTS_NAME":"Siracusa","MOUNT_TYPE":null,"URBN_TYPE":1,"COAST_TYPE":1,"NAME_ENGL":"Italy","NAME_FREN":"Italie","ISO3_CODE":"ITA","SVRG_UN":"UN Member State","CAPT":"Rome","EU_STAT":"T","EFTA_STAT":"F","CC_STAT":"F","NAME_GERM":"Italien"},"geometry":{"type":"MultiPolygon","coordinates":[[[[15.091498994000062,37.357708641000045],[15.24477511300006,37.250554575000024],[15.202071683000042,37.191419100000076],[15.293808716000058,37.03105538600005],[15.119931308000048,36.84962573400003],[15.112599355000043,36.676428040000076],[15.000358138000024,36.70284761700003],[14.873065562000022,36.835829561000025],[14.880210567000063,36.97372064900003],[14.797613068000032,37.11746868900008],[14.806177733000027,37.250554575000024],[14.891680725000072,37.39096886400006],[15.091498994000062,37.357708641000045]]]]}},{"type":"Feature","properties":{"NUTS_ID":"ITG2D","LEVL_CODE":3,"CNTR_CODE":"IT","NAME_LATN":"Sassari","NUTS_NAME":"Sassari","MOUNT_TYPE":1,"URBN_TYPE":2,"COAST_TYPE":1,"NAME_ENGL":"Italy","NAME_FREN":"Italie","ISO3_CODE":"ITA","SVRG_UN":"UN Member State","CAPT":"Rome","EU_STAT":"T","EFTA_STAT":"F","CC_STAT":"F","NAME_GERM":"Italien"},"geometry":{"type":"MultiPolygon","coordinates":[[[[9.71925709900006,40.879545767000025],[9.69185793500003,40.78707004000006],[9.749370037000062,40.65809712400005],[9.569735705000028,40.68344908700004],[9.314765571000066,40.53606330300005],[9.212961648000032,40.54173016200008],[9.21310591300005,40.41985678000003],[9.075169557000038,40.33739355000006],[8.84618422400007,40.39186016200006],[8.620306404000075,40.318978608000066],[8.500606405000042,40.41206230000006],[8.399809168000047,40.407568307000076],[8.309258729000021,40.567942326000036],[8.161052709000046,40.59590438400005],[8.212973310000052,40.859178814000074],[8.562153548000026,40.83964104300003],[8.799526590000028,40.93764074100005],[9.211518226000067,41.24386933400007],[9.455579578000027,41.23425447300008],[9.447438292000072,41.15364820000008],[9.545707256000071,41.12145214000003],[9.60445399300005,40.90500803300006],[9.71925709900006,40.879545767000025]]],[[[8.265966578000075,40.95349504700005],[8.22448924500003,40.882408729000076],[8.12599490100007,40.93046000700008],[8.21087680200003,40.99547334400006],[8.265966578000075,40.95349504700005]]],[[[8.374981219000063,41.06964477100007],[8.308367978000035,41.031962994000025],[8.228083447000074,41.110810180000044],[8.330428408000046,41.135649253000054],[8.374981219000063,41.06964477100007]]]]}},{"type":"Feature","properties":{"NUTS_ID":"ITG2E","LEVL_CODE":3,"CNTR_CODE":"IT","NAME_LATN":"Nuoro","NUTS_NAME":"Nuoro","MOUNT_TYPE":1,"URBN_TYPE":3,"COAST_TYPE":1,"NAME_ENGL":"Italy","NAME_FREN":"Italie","ISO3_CODE":"ITA","SVRG_UN":"UN Member State","CAPT":"Rome","EU_STAT":"T","EFTA_STAT":"F","CC_STAT":"F","NAME_GERM":"Italien"},"geometry":{"type":"MultiPolygon","coordinates":[[[[9.651118650000058,39.549323996000055],[9.415523804000031,39.65386237100006],[9.379370724000069,39.89474217800006],[9.23417676400004,39.90698575600004],[9.166119558000048,39.834288979000064],[8.998869789000025,39.92824772000006],[8.972667628000067,40.02195918100006],[9.042898270000023,40.057788584000036],[8.972568741000032,40.20339199500006],[8.713363758000071,40.194280468000045],[8.620306404000075,40.318978608000066],[8.84618422400007,40.39186016200006],[9.075169557000038,40.33739355000006],[9.21310591300005,40.41985678000003],[9.212961648000032,40.54173016200008],[9.314765571000066,40.53606330300005],[9.569735705000028,40.68344908700004],[9.749370037000062,40.65809712400005],[9.807587221000063,40.48611065000006],[9.640163392000034,40.244544777000044],[9.72396408000003,40.057788584000036],[9.651118650000058,39.549323996000055]]]]}},{"type":"Feature","properties":{"NUTS_ID":"ITG2F","LEVL_CODE":3,"CNTR_CODE":"IT","NAME_LATN":"Cagliari","NUTS_NAME":"Cagliari","MOUNT_TYPE":1,"URBN_TYPE":1,"COAST_TYPE":1,"NAME_ENGL":"Italy","NAME_FREN":"Italie","ISO3_CODE":"ITA","SVRG_UN":"UN Member State","CAPT":"Rome","EU_STAT":"T","EFTA_STAT":"F","CC_STAT":"F","NAME_GERM":"Italien"},"geometry":{"type":"MultiPolygon","coordinates":[[[[8.910694460000059,38.91552950300007],[8.829658558000062,39.11350190600007],[8.922084695000024,39.29728902000005],[9.339270446000057,39.41333702600008],[9.467346277000047,39.222556250000025],[9.442284696000058,39.12698340700007],[9.266783130000022,39.21571714400005],[9.08941601600003,39.19648010800006],[9.018533373000025,39.004588942000055],[8.910694460000059,38.91552950300007]]]]}},{"type":"Feature","properties":{"NUTS_ID":"ITG2G","LEVL_CODE":3,"CNTR_CODE":"IT","NAME_LATN":"Oristano","NUTS_NAME":"Oristano","MOUNT_TYPE":null,"URBN_TYPE":3,"COAST_TYPE":1,"NAME_ENGL":"Italy","NAME_FREN":"Italie","ISO3_CODE":"ITA","SVRG_UN":"UN Member State","CAPT":"Rome","EU_STAT":"T","EFTA_STAT":"F","CC_STAT":"F","NAME_GERM":"Italien"},"geometry":{"type":"MultiPolygon","coordinates":[[[[8.399809168000047,40.407568307000076],[8.500606405000042,40.41206230000006],[8.620306404000075,40.318978608000066],[8.713363758000071,40.194280468000045],[8.972568741000032,40.20339199500006],[9.042898270000023,40.057788584000036],[8.972667628000067,40.02195918100006],[8.998869789000025,39.92824772000006],[9.166119558000048,39.834288979000064],[8.971679650000056,39.80653500500006],[8.75101780600005,39.634260158000075],[8.502254725000057,39.71300721400007],[8.53858897400005,39.86597408000006],[8.40873612200005,39.936846564000064],[8.462233801000025,40.057788584000036],[8.472132467000051,40.26124137900007],[8.399809168000047,40.407568307000076]]]]}},{"type":"Feature","properties":{"NUTS_ID":"ITG2H","LEVL_CODE":3,"CNTR_CODE":"IT","NAME_LATN":"Sud Sardegna","NUTS_NAME":"Sud Sardegna","MOUNT_TYPE":1,"URBN_TYPE":3,"COAST_TYPE":1,"NAME_ENGL":"Italy","NAME_FREN":"Italie","ISO3_CODE":"ITA","SVRG_UN":"UN Member State","CAPT":"Rome","EU_STAT":"T","EFTA_STAT":"F","CC_STAT":"F","NAME_GERM":"Italien"},"geometry":{"type":"MultiPolygon","coordinates":[[[[9.415523804000031,39.65386237100006],[9.651118650000058,39.549323996000055],[9.568101407000029,39.176706815000045],[9.442284696000058,39.12698340700007],[9.467346277000047,39.222556250000025],[9.339270446000057,39.41333702600008],[8.922084695000024,39.29728902000005],[8.829658558000062,39.11350190600007],[8.910694460000059,38.91552950300007],[8.630662087000076,38.90986533800003],[8.520871069000066,39.04698816900003],[8.425043204000076,38.97790900800004],[8.388092972000038,39.00753972100006],[8.398462392000056,39.469803237000065],[8.502254725000057,39.71300721400007],[8.75101780600005,39.634260158000075],[8.971679650000056,39.80653500500006],[9.166119558000048,39.834288979000064],[9.23417676400004,39.90698575600004],[9.379370724000069,39.89474217800006],[9.415523804000031,39.65386237100006]]],[[[8.320540187000063,39.10379857800007],[8.256175943000073,39.093184705000056],[8.191609516000028,39.148707659000024],[8.31440145700003,39.19808257500006],[8.320540187000063,39.10379857800007]]]]}},{"type":"Feature","properties":{"NUTS_ID":"ITH10","LEVL_CODE":3,"CNTR_CODE":"IT","NAME_LATN":"Bolzano-Bozen","NUTS_NAME":"Bolzano-Bozen","MOUNT_TYPE":1,"URBN_TYPE":2,"COAST_TYPE":null,"NAME_ENGL":"Italy","NAME_FREN":"Italie","ISO3_CODE":"ITA","SVRG_UN":"UN Member State","CAPT":"Rome","EU_STAT":"T","EFTA_STAT":"F","CC_STAT":"F","NAME_GERM":"Italien"},"geometry":{"type":"MultiPolygon","coordinates":[[[[11.828336593000074,46.50891451600006],[11.677506076000043,46.493927717000076],[11.552531595000062,46.36680498700008],[11.249340370000027,46.24612059400005],[11.167220574000055,46.289178235000065],[11.188308826000025,46.488506090000044],[10.810076885000058,46.442311576000066],[10.622145398000043,46.44810188900004],[10.452801186000045,46.53068305700003],[10.47295411500005,46.60340598100004],[10.39816680000007,46.68028272600003],[10.469651302000045,46.85490900100007],[10.667848044000038,46.86380440700003],[10.810076885000058,46.77909830400006],[11.030746848000035,46.78187383200003],[11.16428131500004,46.965722622000044],[11.627199512000061,47.01329884000006],[11.75025019900005,46.98362531500004],[12.13601377200007,47.08066745900004],[12.240745397000069,47.06916836200003],[12.142597184000067,46.997157721000065],[12.164068757000052,46.914875291000044],[12.47792408600003,46.67983561400007],[12.336441354000044,46.626336654000056],[12.080457184000068,46.65652478100003],[11.996686519000036,46.55405133700003],[11.828336593000074,46.50891451600006]]]]}},{"type":"Feature","properties":{"NUTS_ID":"ITH20","LEVL_CODE":3,"CNTR_CODE":"IT","NAME_LATN":"Trento","NUTS_NAME":"Trento","MOUNT_TYPE":1,"URBN_TYPE":2,"COAST_TYPE":null,"NAME_ENGL":"Italy","NAME_FREN":"Italie","ISO3_CODE":"ITA","SVRG_UN":"UN Member State","CAPT":"Rome","EU_STAT":"T","EFTA_STAT":"F","CC_STAT":"F","NAME_GERM":"Italien"},"geometry":{"type":"MultiPolygon","coordinates":[[[[10.840176546000066,45.83275854900006],[10.516289134000033,45.85612261400007],[10.477618105000033,46.01172338400005],[10.560439287000065,46.25528087400005],[10.515751636000061,46.343224485000064],[10.622145398000043,46.44810188900004],[10.810076885000058,46.442311576000066],[11.188308826000025,46.488506090000044],[11.167220574000055,46.289178235000065],[11.249340370000027,46.24612059400005],[11.552531595000062,46.36680498700008],[11.677506076000043,46.493927717000076],[11.828336593000074,46.50891451600006],[11.820686715000022,46.314909929000066],[11.927178309000055,46.19091730400004],[11.70975897300002,46.08347809700007],[11.684367043000066,45.98400932200008],[11.392468447000056,45.97780130700005],[11.241503433000048,45.88319880200004],[11.13833739100005,45.697088619000056],[10.885132057000021,45.708448299000054],[10.840176546000066,45.83275854900006]]]]}},{"type":"Feature","properties":{"NUTS_ID":"ITH31","LEVL_CODE":3,"CNTR_CODE":"IT","NAME_LATN":"Verona","NUTS_NAME":"Verona","MOUNT_TYPE":null,"URBN_TYPE":2,"COAST_TYPE":null,"NAME_ENGL":"Italy","NAME_FREN":"Italie","ISO3_CODE":"ITA","SVRG_UN":"UN Member State","CAPT":"Rome","EU_STAT":"T","EFTA_STAT":"F","CC_STAT":"F","NAME_GERM":"Italien"},"geometry":{"type":"MultiPolygon","coordinates":[[[[11.205502617000036,45.10948753100007],[11.05681145400007,45.11892166300004],[10.810076885000058,45.29867623600006],[10.726389550000022,45.31101674000007],[10.65465546400003,45.415826974000026],[10.655995454000049,45.614514436000036],[10.840176546000066,45.83275854900006],[10.885132057000021,45.708448299000054],[11.13833739100005,45.697088619000056],[11.167519007000067,45.631652720000034],[11.487054575000059,45.265951838000035],[11.404557305000026,45.23407239800008],[11.41693216300007,45.129329176000056],[11.398340005000023,45.06475151600006],[11.205502617000036,45.10948753100007]]]]}},{"type":"Feature","properties":{"NUTS_ID":"ITH32","LEVL_CODE":3,"CNTR_CODE":"IT","NAME_LATN":"Vicenza","NUTS_NAME":"Vicenza","MOUNT_TYPE":1,"URBN_TYPE":2,"COAST_TYPE":null,"NAME_ENGL":"Italy","NAME_FREN":"Italie","ISO3_CODE":"ITA","SVRG_UN":"UN Member State","CAPT":"Rome","EU_STAT":"T","EFTA_STAT":"F","CC_STAT":"F","NAME_GERM":"Italien"},"geometry":{"type":"MultiPolygon","coordinates":[[[[11.487054575000059,45.265951838000035],[11.167519007000067,45.631652720000034],[11.13833739100005,45.697088619000056],[11.241503433000048,45.88319880200004],[11.392468447000056,45.97780130700005],[11.684367043000066,45.98400932200008],[11.799595304000036,45.88055810700007],[11.76560229200004,45.84367357100007],[11.821666568000069,45.687179435000076],[11.715480508000041,45.67721892000003],[11.646993904000055,45.631652720000034],[11.722989299000062,45.47281463000007],[11.583124951000059,45.28705568100003],[11.487054575000059,45.265951838000035]]]]}},{"type":"Feature","properties":{"NUTS_ID":"ITH33","LEVL_CODE":3,"CNTR_CODE":"IT","NAME_LATN":"Belluno","NUTS_NAME":"Belluno","MOUNT_TYPE":1,"URBN_TYPE":3,"COAST_TYPE":null,"NAME_ENGL":"Italy","NAME_FREN":"Italie","ISO3_CODE":"ITA","SVRG_UN":"UN Member State","CAPT":"Rome","EU_STAT":"T","EFTA_STAT":"F","CC_STAT":"F","NAME_GERM":"Italien"},"geometry":{"type":"MultiPolygon","coordinates":[[[[12.498702799000057,46.41222245200004],[12.350739776000069,46.281007783000064],[12.478966928000034,46.14262016600003],[12.400534318000041,46.041996340000026],[12.317800330000068,46.06613872500003],[11.799595304000036,45.88055810700007],[11.684367043000066,45.98400932200008],[11.70975897300002,46.08347809700007],[11.927178309000055,46.19091730400004],[11.820686715000022,46.314909929000066],[11.828336593000074,46.50891451600006],[11.996686519000036,46.55405133700003],[12.080457184000068,46.65652478100003],[12.336441354000044,46.626336654000056],[12.47792408600003,46.67983561400007],[12.690635196000073,46.656972041000074],[12.731393018000063,46.63428810100004],[12.498702799000057,46.41222245200004]]]]}},{"type":"Feature","properties":{"NUTS_ID":"ITH34","LEVL_CODE":3,"CNTR_CODE":"IT","NAME_LATN":"Treviso","NUTS_NAME":"Treviso","MOUNT_TYPE":null,"URBN_TYPE":2,"COAST_TYPE":1,"NAME_ENGL":"Italy","NAME_FREN":"Italie","ISO3_CODE":"ITA","SVRG_UN":"UN Member State","CAPT":"Rome","EU_STAT":"T","EFTA_STAT":"F","CC_STAT":"F","NAME_GERM":"Italien"},"geometry":{"type":"MultiPolygon","coordinates":[[[[11.821666568000069,45.687179435000076],[11.76560229200004,45.84367357100007],[11.799595304000036,45.88055810700007],[12.317800330000068,46.06613872500003],[12.400534318000041,46.041996340000026],[12.661673154000027,45.79244108200004],[12.633677641000077,45.70266681500004],[12.436731942000051,45.631652720000034],[12.260630880000065,45.54439183300008],[12.092476566000073,45.59833501900005],[11.821666568000069,45.687179435000076]]]]}},{"type":"Feature","properties":{"NUTS_ID":"ITH35","LEVL_CODE":3,"CNTR_CODE":"IT","NAME_LATN":"Venezia","NUTS_NAME":"Venezia","MOUNT_TYPE":null,"URBN_TYPE":1,"COAST_TYPE":1,"NAME_ENGL":"Italy","NAME_FREN":"Italie","ISO3_CODE":"ITA","SVRG_UN":"UN Member State","CAPT":"Rome","EU_STAT":"T","EFTA_STAT":"F","CC_STAT":"F","NAME_GERM":"Italien"},"geometry":{"type":"MultiPolygon","coordinates":[[[[13.098785273000033,45.64453290000006],[12.519308373000058,45.48809251200004],[12.411840606000055,45.53442154600003],[12.365453617000071,45.427231240000026],[12.13256214100005,45.300370489000045],[12.039192927000045,45.33521378200004],[11.984121752000021,45.43329090300006],[12.092476566000073,45.59833501900005],[12.260630880000065,45.54439183300008],[12.436731942000051,45.631652720000034],[12.633677641000077,45.70266681500004],[12.661673154000027,45.79244108200004],[12.97905795400004,45.83404887200004],[13.098785273000033,45.64453290000006]]],[[[12.330572226000072,45.160550605000026],[12.131172780000043,45.07439603700004],[11.968785189000073,45.133982951000064],[12.200493965000021,45.257336888000054],[12.330572226000072,45.160550605000026]]]]}},{"type":"Feature","properties":{"NUTS_ID":"ITH36","LEVL_CODE":3,"CNTR_CODE":"IT","NAME_LATN":"Padova","NUTS_NAME":"Padova","MOUNT_TYPE":null,"URBN_TYPE":2,"COAST_TYPE":1,"NAME_ENGL":"Italy","NAME_FREN":"Italie","ISO3_CODE":"ITA","SVRG_UN":"UN Member State","CAPT":"Rome","EU_STAT":"T","EFTA_STAT":"F","CC_STAT":"F","NAME_GERM":"Italien"},"geometry":{"type":"MultiPolygon","coordinates":[[[[12.200493965000021,45.257336888000054],[11.968785189000073,45.133982951000064],[11.41693216300007,45.129329176000056],[11.404557305000026,45.23407239800008],[11.487054575000059,45.265951838000035],[11.583124951000059,45.28705568100003],[11.722989299000062,45.47281463000007],[11.646993904000055,45.631652720000034],[11.715480508000041,45.67721892000003],[11.821666568000069,45.687179435000076],[12.092476566000073,45.59833501900005],[11.984121752000021,45.43329090300006],[12.039192927000045,45.33521378200004],[12.13256214100005,45.300370489000045],[12.200493965000021,45.257336888000054]]]]}},{"type":"Feature","properties":{"NUTS_ID":"ITH37","LEVL_CODE":3,"CNTR_CODE":"IT","NAME_LATN":"Rovigo","NUTS_NAME":"Rovigo","MOUNT_TYPE":null,"URBN_TYPE":3,"COAST_TYPE":1,"NAME_ENGL":"Italy","NAME_FREN":"Italie","ISO3_CODE":"ITA","SVRG_UN":"UN Member State","CAPT":"Rome","EU_STAT":"T","EFTA_STAT":"F","CC_STAT":"F","NAME_GERM":"Italien"},"geometry":{"type":"MultiPolygon","coordinates":[[[[12.399056638000047,44.792615339000065],[12.262576258000024,44.929944257000045],[12.038111273000027,44.97672495200004],[11.824371283000062,44.974897043000055],[11.627462751000053,44.902166117000036],[11.426765643000067,44.95007616300006],[11.215301493000027,45.048478826000064],[11.205502617000036,45.10948753100007],[11.398340005000023,45.06475151600006],[11.41693216300007,45.129329176000056],[11.968785189000073,45.133982951000064],[12.131172780000043,45.07439603700004],[12.330572226000072,45.160550605000026],[12.464826224000035,44.93456529900004],[12.399056638000047,44.792615339000065]]]]}},{"type":"Feature","properties":{"NUTS_ID":"ITH41","LEVL_CODE":3,"CNTR_CODE":"IT","NAME_LATN":"Pordenone","NUTS_NAME":"Pordenone","MOUNT_TYPE":null,"URBN_TYPE":2,"COAST_TYPE":1,"NAME_ENGL":"Italy","NAME_FREN":"Italie","ISO3_CODE":"ITA","SVRG_UN":"UN Member State","CAPT":"Rome","EU_STAT":"T","EFTA_STAT":"F","CC_STAT":"F","NAME_GERM":"Italien"},"geometry":{"type":"MultiPolygon","coordinates":[[[[12.661673154000027,45.79244108200004],[12.400534318000041,46.041996340000026],[12.478966928000034,46.14262016600003],[12.350739776000069,46.281007783000064],[12.498702799000057,46.41222245200004],[12.635964605000026,46.34341156200003],[12.961030090000065,46.30795183200007],[12.910490933000062,45.98223233200008],[12.97905795400004,45.83404887200004],[12.661673154000027,45.79244108200004]]]]}},{"type":"Feature","properties":{"NUTS_ID":"ITH42","LEVL_CODE":3,"CNTR_CODE":"IT","NAME_LATN":"Udine","NUTS_NAME":"Udine","MOUNT_TYPE":1,"URBN_TYPE":2,"COAST_TYPE":1,"NAME_ENGL":"Italy","NAME_FREN":"Italie","ISO3_CODE":"ITA","SVRG_UN":"UN Member State","CAPT":"Rome","EU_STAT":"T","EFTA_STAT":"F","CC_STAT":"F","NAME_GERM":"Italien"},"geometry":{"type":"MultiPolygon","coordinates":[[[[13.098785273000033,45.64453290000006],[12.97905795400004,45.83404887200004],[12.910490933000062,45.98223233200008],[12.961030090000065,46.30795183200007],[12.635964605000026,46.34341156200003],[12.498702799000057,46.41222245200004],[12.731393018000063,46.63428810100004],[13.504249360000074,46.566303849000064],[13.71418508100004,46.52270344000004],[13.684031874000027,46.43747236200005],[13.402879967000047,46.300137007000046],[13.459856149000075,46.22470868500005],[13.633614378000061,46.19179083000006],[13.664051766000057,46.170440609000025],[13.530244727000024,46.067383550000045],[13.496939053000062,46.05133502700005],[13.40668015700004,45.72524406900004],[13.142316753000046,45.75947522800004],[13.098785273000033,45.64453290000006]]]]}},{"type":"Feature","properties":{"NUTS_ID":"ITH43","LEVL_CODE":3,"CNTR_CODE":"IT","NAME_LATN":"Gorizia","NUTS_NAME":"Gorizia","MOUNT_TYPE":null,"URBN_TYPE":1,"COAST_TYPE":1,"NAME_ENGL":"Italy","NAME_FREN":"Italie","ISO3_CODE":"ITA","SVRG_UN":"UN Member State","CAPT":"Rome","EU_STAT":"T","EFTA_STAT":"F","CC_STAT":"F","NAME_GERM":"Italien"},"geometry":{"type":"MultiPolygon","coordinates":[[[[13.40668015700004,45.72524406900004],[13.496939053000062,46.05133502700005],[13.518262723000078,45.97841927600007],[13.620869162000076,45.98459602600008],[13.637172391000036,45.938025613000036],[13.611410263000039,45.90376807400003],[13.597137159000056,45.819470729000045],[13.596242761000042,45.80793732800004],[13.579783203000034,45.78695155400004],[13.40668015700004,45.72524406900004]]]]}},{"type":"Feature","properties":{"NUTS_ID":"ITH44","LEVL_CODE":3,"CNTR_CODE":"IT","NAME_LATN":"Trieste","NUTS_NAME":"Trieste","MOUNT_TYPE":1,"URBN_TYPE":1,"COAST_TYPE":1,"NAME_ENGL":"Italy","NAME_FREN":"Italie","ISO3_CODE":"ITA","SVRG_UN":"UN Member State","CAPT":"Rome","EU_STAT":"T","EFTA_STAT":"F","CC_STAT":"F","NAME_GERM":"Italien"},"geometry":{"type":"MultiPolygon","coordinates":[[[[13.579783203000034,45.78695155400004],[13.596242761000042,45.80793732800004],[13.708288689000028,45.77501941700007],[13.898685555000043,45.643424794000055],[13.869098217000044,45.60921497600003],[13.829461544000026,45.58508010500003],[13.735415188000047,45.59616097600008],[13.723158649000027,45.59480677000005],[13.759658375000072,45.631652720000034],[13.579783203000034,45.78695155400004]]]]}},{"type":"Feature","properties":{"NUTS_ID":"ITH51","LEVL_CODE":3,"CNTR_CODE":"IT","NAME_LATN":"Piacenza","NUTS_NAME":"Piacenza","MOUNT_TYPE":1,"URBN_TYPE":2,"COAST_TYPE":null,"NAME_ENGL":"Italy","NAME_FREN":"Italie","ISO3_CODE":"ITA","SVRG_UN":"UN Member State","CAPT":"Rome","EU_STAT":"T","EFTA_STAT":"F","CC_STAT":"F","NAME_GERM":"Italien"},"geometry":{"type":"MultiPolygon","coordinates":[[[[9.202995372000032,44.613476553000055],[9.20007414500003,44.68609933600004],[9.308945514000072,44.72401370000006],[9.34132786400005,44.822998590000054],[9.296212747000027,44.91366879200007],[9.36478285800007,45.03298594800003],[9.548684450000053,45.13264865800005],[9.73088606400006,45.066550138000025],[9.891101695000032,45.13089785900007],[10.083503067000038,45.04395843100008],[9.960756532000062,44.83771470600004],[9.493362950000062,44.55585892900007],[9.202995372000032,44.613476553000055]]]]}},{"type":"Feature","properties":{"NUTS_ID":"ITH52","LEVL_CODE":3,"CNTR_CODE":"IT","NAME_LATN":"Parma","NUTS_NAME":"Parma","MOUNT_TYPE":1,"URBN_TYPE":2,"COAST_TYPE":null,"NAME_ENGL":"Italy","NAME_FREN":"Italie","ISO3_CODE":"ITA","SVRG_UN":"UN Member State","CAPT":"Rome","EU_STAT":"T","EFTA_STAT":"F","CC_STAT":"F","NAME_GERM":"Italien"},"geometry":{"type":"MultiPolygon","coordinates":[[[[9.493362950000062,44.55585892900007],[9.960756532000062,44.83771470600004],[10.083503067000038,45.04395843100008],[10.464030601000047,44.93717146600005],[10.504343921000043,44.92241792100003],[10.386532250000073,44.55620520100007],[10.142054447000021,44.35385289300007],[9.897010633000036,44.46814238500008],[9.686725744000057,44.36592187300005],[9.593792105000034,44.424653024000065],[9.479059480000046,44.409240655000076],[9.493362950000062,44.55585892900007]]]]}},{"type":"Feature","properties":{"NUTS_ID":"ITH53","LEVL_CODE":3,"CNTR_CODE":"IT","NAME_LATN":"Reggio nell’Emilia","NUTS_NAME":"Reggio nell’Emilia","MOUNT_TYPE":null,"URBN_TYPE":2,"COAST_TYPE":null,"NAME_ENGL":"Italy","NAME_FREN":"Italie","ISO3_CODE":"ITA","SVRG_UN":"UN Member State","CAPT":"Rome","EU_STAT":"T","EFTA_STAT":"F","CC_STAT":"F","NAME_GERM":"Italien"},"geometry":{"type":"MultiPolygon","coordinates":[[[[10.142054447000021,44.35385289300007],[10.386532250000073,44.55620520100007],[10.504343921000043,44.92241792100003],[10.69669936200006,44.972173944000076],[10.810076885000058,44.93652081600004],[10.887909551000064,44.91426604500003],[10.78805581000006,44.63055194100008],[10.470149244000027,44.22604101100006],[10.253875127000072,44.268566915000065],[10.142054447000021,44.35385289300007]]]]}},{"type":"Feature","properties":{"NUTS_ID":"ITH54","LEVL_CODE":3,"CNTR_CODE":"IT","NAME_LATN":"Modena","NUTS_NAME":"Modena","MOUNT_TYPE":null,"URBN_TYPE":2,"COAST_TYPE":null,"NAME_ENGL":"Italy","NAME_FREN":"Italie","ISO3_CODE":"ITA","SVRG_UN":"UN Member State","CAPT":"Rome","EU_STAT":"T","EFTA_STAT":"F","CC_STAT":"F","NAME_GERM":"Italien"},"geometry":{"type":"MultiPolygon","coordinates":[[[[10.470149244000027,44.22604101100006],[10.78805581000006,44.63055194100008],[10.887909551000064,44.91426604500003],[11.246231471000044,44.95142815200006],[11.34164639100004,44.84427443100003],[11.293370641000024,44.80279739300005],[11.135365055000022,44.74141777900007],[10.991465128000073,44.31433252200003],[10.810076885000058,44.11740837900004],[10.695237934000033,44.155307039000036],[10.624078232000045,44.12035167300007],[10.470149244000027,44.22604101100006]]]]}},{"type":"Feature","properties":{"NUTS_ID":"ITH55","LEVL_CODE":3,"CNTR_CODE":"IT","NAME_LATN":"Bologna","NUTS_NAME":"Bologna","MOUNT_TYPE":null,"URBN_TYPE":2,"COAST_TYPE":null,"NAME_ENGL":"Italy","NAME_FREN":"Italie","ISO3_CODE":"ITA","SVRG_UN":"UN Member State","CAPT":"Rome","EU_STAT":"T","EFTA_STAT":"F","CC_STAT":"F","NAME_GERM":"Italien"},"geometry":{"type":"MultiPolygon","coordinates":[[[[11.524959594000052,44.15764001100007],[11.411026260000028,44.22351293100007],[11.202439550000065,44.10072098300003],[11.049449010000046,44.09023005800003],[10.810076885000058,44.11740837900004],[10.991465128000073,44.31433252200003],[11.135365055000022,44.74141777900007],[11.293370641000024,44.80279739300005],[11.277507153000045,44.72787287400007],[11.388934888000051,44.76498772800005],[11.548902601000066,44.723194539000076],[11.778609752000023,44.62277504800005],[11.789198456000065,44.55433465500005],[11.811772259000065,44.38882735200008],[11.633571782000047,44.26473840700004],[11.524959594000052,44.15764001100007]]]]}},{"type":"Feature","properties":{"NUTS_ID":"ITH56","LEVL_CODE":3,"CNTR_CODE":"IT","NAME_LATN":"Ferrara","NUTS_NAME":"Ferrara","MOUNT_TYPE":null,"URBN_TYPE":2,"COAST_TYPE":1,"NAME_ENGL":"Italy","NAME_FREN":"Italie","ISO3_CODE":"ITA","SVRG_UN":"UN Member State","CAPT":"Rome","EU_STAT":"T","EFTA_STAT":"F","CC_STAT":"F","NAME_GERM":"Italien"},"geometry":{"type":"MultiPolygon","coordinates":[[[[12.269902172000059,44.62999512700003],[12.144750465000072,44.55654365500004],[11.789198456000065,44.55433465500005],[11.778609752000023,44.62277504800005],[11.548902601000066,44.723194539000076],[11.388934888000051,44.76498772800005],[11.277507153000045,44.72787287400007],[11.293370641000024,44.80279739300005],[11.34164639100004,44.84427443100003],[11.246231471000044,44.95142815200006],[11.426765643000067,44.95007616300006],[11.627462751000053,44.902166117000036],[11.824371283000062,44.974897043000055],[12.038111273000027,44.97672495200004],[12.262576258000024,44.929944257000045],[12.399056638000047,44.792615339000065],[12.283192945000053,44.80276253200003],[12.269902172000059,44.62999512700003]]]]}},{"type":"Feature","properties":{"NUTS_ID":"ITH57","LEVL_CODE":3,"CNTR_CODE":"IT","NAME_LATN":"Ravenna","NUTS_NAME":"Ravenna","MOUNT_TYPE":null,"URBN_TYPE":2,"COAST_TYPE":1,"NAME_ENGL":"Italy","NAME_FREN":"Italie","ISO3_CODE":"ITA","SVRG_UN":"UN Member State","CAPT":"Rome","EU_STAT":"T","EFTA_STAT":"F","CC_STAT":"F","NAME_GERM":"Italien"},"geometry":{"type":"MultiPolygon","coordinates":[[[[12.384282033000034,44.224726446000034],[12.310127893000072,44.21019789700006],[12.135606676000066,44.26122327500008],[12.039114143000063,44.31954307700005],[11.971307723000052,44.25950713200007],[11.715906596000025,44.122540506000064],[11.524959594000052,44.15764001100007],[11.633571782000047,44.26473840700004],[11.811772259000065,44.38882735200008],[11.789198456000065,44.55433465500005],[12.144750465000072,44.55654365500004],[12.269902172000059,44.62999512700003],[12.36042173800007,44.26473840700004],[12.384282033000034,44.224726446000034]]]]}},{"type":"Feature","properties":{"NUTS_ID":"ITH58","LEVL_CODE":3,"CNTR_CODE":"IT","NAME_LATN":"Forlì-Cesena","NUTS_NAME":"Forlì-Cesena","MOUNT_TYPE":1,"URBN_TYPE":2,"COAST_TYPE":1,"NAME_ENGL":"Italy","NAME_FREN":"Italie","ISO3_CODE":"ITA","SVRG_UN":"UN Member State","CAPT":"Rome","EU_STAT":"T","EFTA_STAT":"F","CC_STAT":"F","NAME_GERM":"Italien"},"geometry":{"type":"MultiPolygon","coordinates":[[[[12.450348990000066,44.16218967300006],[12.340817152000056,43.96949698800006],[12.159845997000048,43.89585694500005],[12.107463769000049,43.75375361300007],[11.710189004000028,43.87743053300005],[11.672577019000073,43.981152544000054],[11.715906596000025,44.122540506000064],[11.971307723000052,44.25950713200007],[12.039114143000063,44.31954307700005],[12.135606676000066,44.26122327500008],[12.310127893000072,44.21019789700006],[12.384282033000034,44.224726446000034],[12.450348990000066,44.16218967300006]]]]}},{"type":"Feature","properties":{"NUTS_ID":"ITH59","LEVL_CODE":3,"CNTR_CODE":"IT","NAME_LATN":"Rimini","NUTS_NAME":"Rimini","MOUNT_TYPE":1,"URBN_TYPE":1,"COAST_TYPE":1,"NAME_ENGL":"Italy","NAME_FREN":"Italie","ISO3_CODE":"ITA","SVRG_UN":"UN Member State","CAPT":"Rome","EU_STAT":"T","EFTA_STAT":"F","CC_STAT":"F","NAME_GERM":"Italien"},"geometry":{"type":"MultiPolygon","coordinates":[[[[12.750671434000026,43.97063326400007],[12.661601189000066,43.839083103000064],[12.487415449000025,43.89645107200005],[12.51316831400004,43.94644507900006],[12.503887654000039,43.98542384700005],[12.412154643000065,43.95024824200004],[12.414551431000064,43.90989591600004],[12.46240547800005,43.89375288800005],[12.283797648000075,43.76489882300007],[12.107463769000049,43.75375361300007],[12.159845997000048,43.89585694500005],[12.340817152000056,43.96949698800006],[12.450348990000066,44.16218967300006],[12.750671434000026,43.97063326400007]]]]}},{"type":"Feature","properties":{"NUTS_ID":"ITI11","LEVL_CODE":3,"CNTR_CODE":"IT","NAME_LATN":"Massa-Carrara","NUTS_NAME":"Massa-Carrara","MOUNT_TYPE":1,"URBN_TYPE":2,"COAST_TYPE":1,"NAME_ENGL":"Italy","NAME_FREN":"Italie","ISO3_CODE":"ITA","SVRG_UN":"UN Member State","CAPT":"Rome","EU_STAT":"T","EFTA_STAT":"F","CC_STAT":"F","NAME_GERM":"Italien"},"geometry":{"type":"MultiPolygon","coordinates":[[[[10.01876966900005,44.04453592200008],[10.042168493000077,44.09026705400004],[9.686725744000057,44.36592187300005],[9.897010633000036,44.46814238500008],[10.142054447000021,44.35385289300007],[10.253875127000072,44.268566915000065],[10.193340092000028,44.18766008000006],[10.216728162000038,44.05972851800004],[10.143475973000022,43.97542055300005],[10.01876966900005,44.04453592200008]]]]}},{"type":"Feature","properties":{"NUTS_ID":"ITI12","LEVL_CODE":3,"CNTR_CODE":"IT","NAME_LATN":"Lucca","NUTS_NAME":"Lucca","MOUNT_TYPE":1,"URBN_TYPE":2,"COAST_TYPE":1,"NAME_ENGL":"Italy","NAME_FREN":"Italie","ISO3_CODE":"ITA","SVRG_UN":"UN Member State","CAPT":"Rome","EU_STAT":"T","EFTA_STAT":"F","CC_STAT":"F","NAME_GERM":"Italien"},"geometry":{"type":"MultiPolygon","coordinates":[[[[10.143475973000022,43.97542055300005],[10.216728162000038,44.05972851800004],[10.193340092000028,44.18766008000006],[10.253875127000072,44.268566915000065],[10.470149244000027,44.22604101100006],[10.624078232000045,44.12035167300007],[10.722262507000039,44.05569715900003],[10.661111594000033,43.91948860100007],[10.727781510000057,43.814152094000065],[10.711116187000073,43.78633390500005],[10.258118042000035,43.81514719300003],[10.143475973000022,43.97542055300005]]]]}},{"type":"Feature","properties":{"NUTS_ID":"ITI13","LEVL_CODE":3,"CNTR_CODE":"IT","NAME_LATN":"Pistoia","NUTS_NAME":"Pistoia","MOUNT_TYPE":1,"URBN_TYPE":1,"COAST_TYPE":null,"NAME_ENGL":"Italy","NAME_FREN":"Italie","ISO3_CODE":"ITA","SVRG_UN":"UN Member State","CAPT":"Rome","EU_STAT":"T","EFTA_STAT":"F","CC_STAT":"F","NAME_GERM":"Italien"},"geometry":{"type":"MultiPolygon","coordinates":[[[[10.624078232000045,44.12035167300007],[10.695237934000033,44.155307039000036],[10.810076885000058,44.11740837900004],[11.049449010000046,44.09023005800003],[11.02081957400003,43.873220126000035],[10.964120140000034,43.81248093900007],[10.810076885000058,43.80681799900003],[10.727781510000057,43.814152094000065],[10.661111594000033,43.91948860100007],[10.722262507000039,44.05569715900003],[10.624078232000045,44.12035167300007]]]]}},{"type":"Feature","properties":{"NUTS_ID":"ITI14","LEVL_CODE":3,"CNTR_CODE":"IT","NAME_LATN":"Firenze","NUTS_NAME":"Firenze","MOUNT_TYPE":1,"URBN_TYPE":1,"COAST_TYPE":null,"NAME_ENGL":"Italy","NAME_FREN":"Italie","ISO3_CODE":"ITA","SVRG_UN":"UN Member State","CAPT":"Rome","EU_STAT":"T","EFTA_STAT":"F","CC_STAT":"F","NAME_GERM":"Italien"},"geometry":{"type":"MultiPolygon","coordinates":[[[[10.727781510000057,43.814152094000065],[10.810076885000058,43.80681799900003],[10.964120140000034,43.81248093900007],[11.051354856000046,43.77715512100008],[11.108598744000062,43.82221125900003],[11.202439550000065,44.10072098300003],[11.411026260000028,44.22351293100007],[11.524959594000052,44.15764001100007],[11.715906596000025,44.122540506000064],[11.672577019000073,43.981152544000054],[11.710189004000028,43.87743053300005],[11.611021149000067,43.809265862000075],[11.580629180000074,43.68382100600007],[11.397507433000044,43.548229013000025],[11.18705903800003,43.48985738700003],[11.026221747000022,43.53067795000004],[10.952091371000051,43.45215908900008],[10.830026599000064,43.551576719000025],[10.90573336600005,43.68162704800005],[10.810076885000058,43.70546492200003],[10.711116187000073,43.78633390500005],[10.727781510000057,43.814152094000065]]]]}},{"type":"Feature","properties":{"NUTS_ID":"ITI15","LEVL_CODE":3,"CNTR_CODE":"IT","NAME_LATN":"Prato","NUTS_NAME":"Prato","MOUNT_TYPE":1,"URBN_TYPE":1,"COAST_TYPE":null,"NAME_ENGL":"Italy","NAME_FREN":"Italie","ISO3_CODE":"ITA","SVRG_UN":"UN Member State","CAPT":"Rome","EU_STAT":"T","EFTA_STAT":"F","CC_STAT":"F","NAME_GERM":"Italien"},"geometry":{"type":"MultiPolygon","coordinates":[[[[11.049449010000046,44.09023005800003],[11.202439550000065,44.10072098300003],[11.108598744000062,43.82221125900003],[11.051354856000046,43.77715512100008],[10.964120140000034,43.81248093900007],[11.02081957400003,43.873220126000035],[11.049449010000046,44.09023005800003]]]]}},{"type":"Feature","properties":{"NUTS_ID":"ITI16","LEVL_CODE":3,"CNTR_CODE":"IT","NAME_LATN":"Livorno","NUTS_NAME":"Livorno","MOUNT_TYPE":null,"URBN_TYPE":2,"COAST_TYPE":1,"NAME_ENGL":"Italy","NAME_FREN":"Italie","ISO3_CODE":"ITA","SVRG_UN":"UN Member State","CAPT":"Rome","EU_STAT":"T","EFTA_STAT":"F","CC_STAT":"F","NAME_GERM":"Italien"},"geometry":{"type":"MultiPolygon","coordinates":[[[[10.771465016000036,43.02273763100004],[10.705672413000059,42.94186459700006],[10.514174486000059,42.95095573400005],[10.51268088300003,43.24929089800003],[10.299766824000073,43.581966617000035],[10.479092209000044,43.61610408700005],[10.519834288000027,43.35972600100007],[10.662853207000069,43.25732930700008],[10.717287271000032,43.108508131000065],[10.771465016000036,43.02273763100004]]],[[[10.426908343000036,42.85713876800003],[10.403087726000024,42.73160906900006],[10.214376595000033,42.74620125900003],[10.172962040000073,42.768197763000046],[10.219186948000072,42.79802476200007],[10.426908343000036,42.85713876800003]]],[[[9.877627135000068,43.068161744000065],[9.840952289000029,42.98666790100003],[9.756929068000034,43.01221895000003],[9.811755838000067,43.10685272600006],[9.877627135000068,43.068161744000065]]]]}},{"type":"Feature","properties":{"NUTS_ID":"ITI17","LEVL_CODE":3,"CNTR_CODE":"IT","NAME_LATN":"Pisa","NUTS_NAME":"Pisa","MOUNT_TYPE":null,"URBN_TYPE":2,"COAST_TYPE":1,"NAME_ENGL":"Italy","NAME_FREN":"Italie","ISO3_CODE":"ITA","SVRG_UN":"UN Member State","CAPT":"Rome","EU_STAT":"T","EFTA_STAT":"F","CC_STAT":"F","NAME_GERM":"Italien"},"geometry":{"type":"MultiPolygon","coordinates":[[[[10.258118042000035,43.81514719300003],[10.711116187000073,43.78633390500005],[10.810076885000058,43.70546492200003],[10.90573336600005,43.68162704800005],[10.830026599000064,43.551576719000025],[10.952091371000051,43.45215908900008],[10.994620747000056,43.36513680400003],[10.911575528000071,43.162610476000054],[10.810076885000058,43.159495066000034],[10.717287271000032,43.108508131000065],[10.662853207000069,43.25732930700008],[10.519834288000027,43.35972600100007],[10.479092209000044,43.61610408700005],[10.299766824000073,43.581966617000035],[10.258118042000035,43.81514719300003]]]]}},{"type":"Feature","properties":{"NUTS_ID":"ITI18","LEVL_CODE":3,"CNTR_CODE":"IT","NAME_LATN":"Arezzo","NUTS_NAME":"Arezzo","MOUNT_TYPE":1,"URBN_TYPE":2,"COAST_TYPE":null,"NAME_ENGL":"Italy","NAME_FREN":"Italie","ISO3_CODE":"ITA","SVRG_UN":"UN Member State","CAPT":"Rome","EU_STAT":"T","EFTA_STAT":"F","CC_STAT":"F","NAME_GERM":"Italien"},"geometry":{"type":"MultiPolygon","coordinates":[[[[12.21385603300007,43.61082465100003],[12.082307728000046,43.420396855000035],[12.135137753000038,43.273738879000064],[11.961263619000022,43.166890479000074],[11.735000696000043,43.25322214900007],[11.397507433000044,43.548229013000025],[11.580629180000074,43.68382100600007],[11.611021149000067,43.809265862000075],[11.710189004000028,43.87743053300005],[12.107463769000049,43.75375361300007],[12.283797648000075,43.76489882300007],[12.318536899000037,43.716878208000026],[12.21385603300007,43.61082465100003]]]]}},{"type":"Feature","properties":{"NUTS_ID":"ITI19","LEVL_CODE":3,"CNTR_CODE":"IT","NAME_LATN":"Siena","NUTS_NAME":"Siena","MOUNT_TYPE":1,"URBN_TYPE":3,"COAST_TYPE":null,"NAME_ENGL":"Italy","NAME_FREN":"Italie","ISO3_CODE":"ITA","SVRG_UN":"UN Member State","CAPT":"Rome","EU_STAT":"T","EFTA_STAT":"F","CC_STAT":"F","NAME_GERM":"Italien"},"geometry":{"type":"MultiPolygon","coordinates":[[[[10.952091371000051,43.45215908900008],[11.026221747000022,43.53067795000004],[11.18705903800003,43.48985738700003],[11.397507433000044,43.548229013000025],[11.735000696000043,43.25322214900007],[11.961263619000022,43.166890479000074],[11.952101387000027,42.90083021100003],[11.894987396000033,42.83465337000007],[11.746036828000058,42.785742362000065],[11.648651792000067,42.80440917100003],[11.634758995000027,42.85935307900007],[11.585581008000077,42.95259086000004],[11.401375571000074,42.97787989900007],[11.339454395000075,43.074271587000055],[10.911575528000071,43.162610476000054],[10.994620747000056,43.36513680400003],[10.952091371000051,43.45215908900008]]]]}},{"type":"Feature","properties":{"NUTS_ID":"ITI1A","LEVL_CODE":3,"CNTR_CODE":"IT","NAME_LATN":"Grosseto","NUTS_NAME":"Grosseto","MOUNT_TYPE":null,"URBN_TYPE":3,"COAST_TYPE":1,"NAME_ENGL":"Italy","NAME_FREN":"Italie","ISO3_CODE":"ITA","SVRG_UN":"UN Member State","CAPT":"Rome","EU_STAT":"T","EFTA_STAT":"F","CC_STAT":"F","NAME_GERM":"Italien"},"geometry":{"type":"MultiPolygon","coordinates":[[[[11.600984974000028,42.44850818100008],[11.44993868000006,42.37767045700008],[11.154129400000045,42.39681320300008],[11.12858908100003,42.56136156900004],[10.793907868000076,42.79080197400003],[10.705672413000059,42.94186459700006],[10.771465016000036,43.02273763100004],[10.717287271000032,43.108508131000065],[10.810076885000058,43.159495066000034],[10.911575528000071,43.162610476000054],[11.339454395000075,43.074271587000055],[11.401375571000074,42.97787989900007],[11.585581008000077,42.95259086000004],[11.634758995000027,42.85935307900007],[11.648651792000067,42.80440917100003],[11.746036828000058,42.785742362000065],[11.799996355000076,42.73136584100007],[11.756055588000038,42.64319729400006],[11.59333850400003,42.54367018700003],[11.600984974000028,42.44850818100008]]],[[[10.958256044000052,42.352137921000065],[10.901311906000046,42.31037204300003],[10.811346074000028,42.36450700900008],[10.886725443000046,42.421459318000075],[10.958256044000052,42.352137921000065]]]]}},{"type":"Feature","properties":{"NUTS_ID":"ITI21","LEVL_CODE":3,"CNTR_CODE":"IT","NAME_LATN":"Perugia","NUTS_NAME":"Perugia","MOUNT_TYPE":1,"URBN_TYPE":2,"COAST_TYPE":null,"NAME_ENGL":"Italy","NAME_FREN":"Italie","ISO3_CODE":"ITA","SVRG_UN":"UN Member State","CAPT":"Rome","EU_STAT":"T","EFTA_STAT":"F","CC_STAT":"F","NAME_GERM":"Italien"},"geometry":{"type":"MultiPolygon","coordinates":[[[[13.189225914000076,42.73356560500008],[13.114779484000053,42.644300815000065],[12.896352144000048,42.61641800500007],[12.693084517000045,42.63799051500007],[12.572328927000058,42.72482474200007],[12.393316169000059,42.705258927000045],[12.310488364000037,42.777576374000034],[12.325003411000068,42.85935307900007],[12.293812261000028,42.91463112400004],[12.154830564000065,42.93793152200004],[11.952101387000027,42.90083021100003],[11.961263619000022,43.166890479000074],[12.135137753000038,43.273738879000064],[12.082307728000046,43.420396855000035],[12.21385603300007,43.61082465100003],[12.339453025000068,43.59918767000005],[12.635587997000073,43.42943803700007],[12.767457100000058,43.45983],[12.862358242000028,43.21123235600004],[12.92845518300004,42.966644117000044],[13.15477211700005,42.84991586600006],[13.232309889000021,42.85935307900007],[13.189225914000076,42.73356560500008]]]]}},{"type":"Feature","properties":{"NUTS_ID":"ITI22","LEVL_CODE":3,"CNTR_CODE":"IT","NAME_LATN":"Terni","NUTS_NAME":"Terni","MOUNT_TYPE":1,"URBN_TYPE":2,"COAST_TYPE":null,"NAME_ENGL":"Italy","NAME_FREN":"Italie","ISO3_CODE":"ITA","SVRG_UN":"UN Member State","CAPT":"Rome","EU_STAT":"T","EFTA_STAT":"F","CC_STAT":"F","NAME_GERM":"Italien"},"geometry":{"type":"MultiPolygon","coordinates":[[[[11.894987396000033,42.83465337000007],[11.952101387000027,42.90083021100003],[12.154830564000065,42.93793152200004],[12.293812261000028,42.91463112400004],[12.325003411000068,42.85935307900007],[12.310488364000037,42.777576374000034],[12.393316169000059,42.705258927000045],[12.572328927000058,42.72482474200007],[12.693084517000045,42.63799051500007],[12.896352144000048,42.61641800500007],[12.683416115000057,42.442384323000056],[12.488074710000035,42.39865661400006],[12.292617106000023,42.51021816200006],[12.193653270000027,42.65555227900006],[11.966218363000053,42.68361758100008],[11.894987396000033,42.83465337000007]]]]}},{"type":"Feature","properties":{"NUTS_ID":"ITI31","LEVL_CODE":3,"CNTR_CODE":"IT","NAME_LATN":"Pesaro e Urbino","NUTS_NAME":"Pesaro e Urbino","MOUNT_TYPE":1,"URBN_TYPE":2,"COAST_TYPE":1,"NAME_ENGL":"Italy","NAME_FREN":"Italie","ISO3_CODE":"ITA","SVRG_UN":"UN Member State","CAPT":"Rome","EU_STAT":"T","EFTA_STAT":"F","CC_STAT":"F","NAME_GERM":"Italien"},"geometry":{"type":"MultiPolygon","coordinates":[[[[13.172615030000031,43.75034582400008],[12.767457100000058,43.45983],[12.635587997000073,43.42943803700007],[12.339453025000068,43.59918767000005],[12.21385603300007,43.61082465100003],[12.318536899000037,43.716878208000026],[12.283797648000075,43.76489882300007],[12.46240547800005,43.89375288800005],[12.487415449000025,43.89645107200005],[12.661601189000066,43.839083103000064],[12.750671434000026,43.97063326400007],[13.172615030000031,43.75034582400008]]]]}},{"type":"Feature","properties":{"NUTS_ID":"ITI32","LEVL_CODE":3,"CNTR_CODE":"IT","NAME_LATN":"Ancona","NUTS_NAME":"Ancona","MOUNT_TYPE":null,"URBN_TYPE":2,"COAST_TYPE":1,"NAME_ENGL":"Italy","NAME_FREN":"Italie","ISO3_CODE":"ITA","SVRG_UN":"UN Member State","CAPT":"Rome","EU_STAT":"T","EFTA_STAT":"F","CC_STAT":"F","NAME_GERM":"Italien"},"geometry":{"type":"MultiPolygon","coordinates":[[[[13.642096372000026,43.474142491000066],[13.350187765000044,43.40635474000004],[13.10209093700007,43.42209610900005],[12.862358242000028,43.21123235600004],[12.767457100000058,43.45983],[13.172615030000031,43.75034582400008],[13.551597740000034,43.59775107400003],[13.642096372000026,43.474142491000066]]]]}},{"type":"Feature","properties":{"NUTS_ID":"ITI33","LEVL_CODE":3,"CNTR_CODE":"IT","NAME_LATN":"Macerata","NUTS_NAME":"Macerata","MOUNT_TYPE":1,"URBN_TYPE":2,"COAST_TYPE":1,"NAME_ENGL":"Italy","NAME_FREN":"Italie","ISO3_CODE":"ITA","SVRG_UN":"UN Member State","CAPT":"Rome","EU_STAT":"T","EFTA_STAT":"F","CC_STAT":"F","NAME_GERM":"Italien"},"geometry":{"type":"MultiPolygon","coordinates":[[[[13.74297032000004,43.29414709300005],[13.704090062000034,43.28552137300005],[13.462107159000027,43.14554935600006],[13.443388049000077,43.03843315300003],[13.248621255000046,42.96510516500007],[13.241772025000046,42.89197658000006],[13.232309889000021,42.85935307900007],[13.15477211700005,42.84991586600006],[12.92845518300004,42.966644117000044],[12.862358242000028,43.21123235600004],[13.10209093700007,43.42209610900005],[13.350187765000044,43.40635474000004],[13.642096372000026,43.474142491000066],[13.74297032000004,43.29414709300005]]]]}},{"type":"Feature","properties":{"NUTS_ID":"ITI34","LEVL_CODE":3,"CNTR_CODE":"IT","NAME_LATN":"Ascoli Piceno","NUTS_NAME":"Ascoli Piceno","MOUNT_TYPE":1,"URBN_TYPE":2,"COAST_TYPE":1,"NAME_ENGL":"Italy","NAME_FREN":"Italie","ISO3_CODE":"ITA","SVRG_UN":"UN Member State","CAPT":"Rome","EU_STAT":"T","EFTA_STAT":"F","CC_STAT":"F","NAME_GERM":"Italien"},"geometry":{"type":"MultiPolygon","coordinates":[[[[13.915740683000024,42.894493400000044],[13.357774518000042,42.69406997900006],[13.189225914000076,42.73356560500008],[13.232309889000021,42.85935307900007],[13.241772025000046,42.89197658000006],[13.704090062000034,43.05082177700007],[13.849476116000062,43.06673911100006],[13.915740683000024,42.894493400000044]]]]}},{"type":"Feature","properties":{"NUTS_ID":"ITI35","LEVL_CODE":3,"CNTR_CODE":"IT","NAME_LATN":"Fermo","NUTS_NAME":"Fermo","MOUNT_TYPE":null,"URBN_TYPE":2,"COAST_TYPE":1,"NAME_ENGL":"Italy","NAME_FREN":"Italie","ISO3_CODE":"ITA","SVRG_UN":"UN Member State","CAPT":"Rome","EU_STAT":"T","EFTA_STAT":"F","CC_STAT":"F","NAME_GERM":"Italien"},"geometry":{"type":"MultiPolygon","coordinates":[[[[13.849476116000062,43.06673911100006],[13.704090062000034,43.05082177700007],[13.241772025000046,42.89197658000006],[13.248621255000046,42.96510516500007],[13.443388049000077,43.03843315300003],[13.462107159000027,43.14554935600006],[13.704090062000034,43.28552137300005],[13.74297032000004,43.29414709300005],[13.849476116000062,43.06673911100006]]]]}},{"type":"Feature","properties":{"NUTS_ID":"ITI41","LEVL_CODE":3,"CNTR_CODE":"IT","NAME_LATN":"Viterbo","NUTS_NAME":"Viterbo","MOUNT_TYPE":1,"URBN_TYPE":3,"COAST_TYPE":1,"NAME_ENGL":"Italy","NAME_FREN":"Italie","ISO3_CODE":"ITA","SVRG_UN":"UN Member State","CAPT":"Rome","EU_STAT":"T","EFTA_STAT":"F","CC_STAT":"F","NAME_GERM":"Italien"},"geometry":{"type":"MultiPolygon","coordinates":[[[[11.44993868000006,42.37767045700008],[11.600984974000028,42.44850818100008],[11.59333850400003,42.54367018700003],[11.756055588000038,42.64319729400006],[11.799996355000076,42.73136584100007],[11.746036828000058,42.785742362000065],[11.894987396000033,42.83465337000007],[11.966218363000053,42.68361758100008],[12.193653270000027,42.65555227900006],[12.292617106000023,42.51021816200006],[12.488074710000035,42.39865661400006],[12.519635339000047,42.29472510900007],[12.317870252000034,42.16421471700005],[11.873819119000075,42.21889835700006],[11.733759588000055,42.15795619100004],[11.641997986000035,42.282434512000066],[11.44993868000006,42.37767045700008]]]]}},{"type":"Feature","properties":{"NUTS_ID":"ITI42","LEVL_CODE":3,"CNTR_CODE":"IT","NAME_LATN":"Rieti","NUTS_NAME":"Rieti","MOUNT_TYPE":1,"URBN_TYPE":3,"COAST_TYPE":null,"NAME_ENGL":"Italy","NAME_FREN":"Italie","ISO3_CODE":"ITA","SVRG_UN":"UN Member State","CAPT":"Rome","EU_STAT":"T","EFTA_STAT":"F","CC_STAT":"F","NAME_GERM":"Italien"},"geometry":{"type":"MultiPolygon","coordinates":[[[[12.488074710000035,42.39865661400006],[12.683416115000057,42.442384323000056],[12.896352144000048,42.61641800500007],[13.114779484000053,42.644300815000065],[13.189225914000076,42.73356560500008],[13.357774518000042,42.69406997900006],[13.394031384000073,42.591233877000036],[13.19099353200005,42.57006681100006],[13.14080987400007,42.44723003200005],[13.310925259000044,42.16450156600007],[13.100660993000076,42.16462420800008],[13.030574718000025,42.115352949000055],[12.659421569000074,42.17103035000008],[12.519635339000047,42.29472510900007],[12.488074710000035,42.39865661400006]]]]}},{"type":"Feature","properties":{"NUTS_ID":"ITI43","LEVL_CODE":3,"CNTR_CODE":"IT","NAME_LATN":"Roma","NUTS_NAME":"Roma","MOUNT_TYPE":null,"URBN_TYPE":1,"COAST_TYPE":1,"NAME_ENGL":"Italy","NAME_FREN":"Italie","ISO3_CODE":"ITA","SVRG_UN":"UN Member State","CAPT":"Rome","EU_STAT":"T","EFTA_STAT":"F","CC_STAT":"F","NAME_GERM":"Italien"},"geometry":{"type":"MultiPolygon","coordinates":[[[[11.733759588000055,42.15795619100004],[11.873819119000075,42.21889835700006],[12.317870252000034,42.16421471700005],[12.519635339000047,42.29472510900007],[12.659421569000074,42.17103035000008],[13.030574718000025,42.115352949000055],[13.068993039000077,42.030454331000044],[13.140838247000033,42.004578793000064],[13.296299414000032,41.94858840100005],[13.008053274000076,41.79537168200005],[13.175089757000023,41.58353816400006],[13.068471644000056,41.566955231000065],[12.923205113000051,41.69350955400006],[12.728426204000073,41.60908356400006],[12.570082257000024,41.62262555600006],[12.56787672300004,41.56896994700003],[12.773321527000064,41.41626389800007],[12.606079855000075,41.47152231600006],[12.242175541000051,41.74554736700003],[12.119350935000057,41.92450120600006],[11.931135728000072,42.004578793000064],[11.834514910000053,42.04568685300006],[11.733759588000055,42.15795619100004]],[[12.39616137300004,41.90829972800003],[12.504986261000056,41.86283563100005],[12.570295246000057,41.91235943000004],[12.495925170000021,41.95530828700004],[12.39616137300004,41.90829972800003]]]]}},{"type":"Feature","properties":{"NUTS_ID":"ITI44","LEVL_CODE":3,"CNTR_CODE":"IT","NAME_LATN":"Latina","NUTS_NAME":"Latina","MOUNT_TYPE":null,"URBN_TYPE":2,"COAST_TYPE":1,"NAME_ENGL":"Italy","NAME_FREN":"Italie","ISO3_CODE":"ITA","SVRG_UN":"UN Member State","CAPT":"Rome","EU_STAT":"T","EFTA_STAT":"F","CC_STAT":"F","NAME_GERM":"Italien"},"geometry":{"type":"MultiPolygon","coordinates":[[[[12.773321527000064,41.41626389800007],[12.56787672300004,41.56896994700003],[12.570082257000024,41.62262555600006],[12.728426204000073,41.60908356400006],[12.923205113000051,41.69350955400006],[13.068471644000056,41.566955231000065],[13.175089757000023,41.58353816400006],[13.310436464000077,41.408875640000076],[13.488784287000044,41.433990351000034],[13.629336625000064,41.33407819400003],[13.873718288000077,41.33829409300006],[13.762086966000027,41.22250312400007],[13.291974430000039,41.29070917700005],[13.065589812000042,41.24041303400003],[12.773321527000064,41.41626389800007]]]]}},{"type":"Feature","properties":{"NUTS_ID":"ITI45","LEVL_CODE":3,"CNTR_CODE":"IT","NAME_LATN":"Frosinone","NUTS_NAME":"Frosinone","MOUNT_TYPE":1,"URBN_TYPE":3,"COAST_TYPE":1,"NAME_ENGL":"Italy","NAME_FREN":"Italie","ISO3_CODE":"ITA","SVRG_UN":"UN Member State","CAPT":"Rome","EU_STAT":"T","EFTA_STAT":"F","CC_STAT":"F","NAME_GERM":"Italien"},"geometry":{"type":"MultiPolygon","coordinates":[[[[13.296299414000032,41.94858840100005],[13.530732761000024,41.77931981300003],[13.672029510000073,41.79436245100004],[13.941038341000024,41.687943861000065],[14.011673103000021,41.56034902000005],[13.977927998000041,41.46245394700003],[13.873718288000077,41.33829409300006],[13.629336625000064,41.33407819400003],[13.488784287000044,41.433990351000034],[13.310436464000077,41.408875640000076],[13.175089757000023,41.58353816400006],[13.008053274000076,41.79537168200005],[13.296299414000032,41.94858840100005]]]]}}]}